	Other	Experience	Feeling	Reflection	Difficulty	Perspective	Belief	id	subject	ordering	person_id	Q1	Q2	Q3	Q4	Q5	Q6	Q7	Learning	Intention
0	28.0	8.0	5.0	3.0	2.0	1.0	1.0	0	český jazyk	1	1	1	1	1	1	1	1	1	0.0	0.0
1	17.0	3.0	6.0	6.0	0.0	1.0	0.0	1	český jazyk	2	1	1	1	1	1	1	1	1	1.0	0.0
2	32.0	6.0	0.0	5.0	1.0	1.0	2.0	2	český jazyk	3	1	1	1	1	1	1	1	1	2.0	1.0
3	44.0	7.0	13.0	9.0	1.0	1.0	0.0	3	český jazyk	1	2	1	1	2	2	1	2	1	0.0	1.0
4	27.0	3.0	6.0	4.0	1.0	1.0	1.0	4	český jazyk	2	2	1	1	2	2	1	2	1	0.0	0.0
5	24.0	5.0	5.0	4.0	0.0	0.0	0.0	5	český jazyk	3	2	1	1	2	2	1	2	1	0.0	1.0
6	16.0	7.0	4.0	5.0	2.0	1.0	4.0	6	český jazyk	5	2	1	1	2	2	1	2	1	0.0	0.0
7	11.0	2.0	5.0	4.0	1.0	0.0	0.0	7	historie a křesťanská výchova	1	3	2	3	4	4	3	3	3	0.0	0.0
8	10.0	0.0	1.0	7.0	1.0	1.0	1.0	8	historie a křesťanská výchova	2	3	2	3	4	4	3	3	3	0.0	0.0
9	3.0	4.0	9.0	3.0	3.0	0.0	1.0	9	historie a křesťanská výchova	3	3	2	3	4	4	3	3	3	0.0	0.0
10	8.0	3.0	3.0	2.0	1.0	1.0	0.0	10	občanská výchova a výchova ke zdraví	4	3	2	3	4	4	3	3	3	0.0	0.0
11	8.0	0.0	3.0	2.0	2.0	0.0	0.0	11	občanská výchova a výchova ke zdraví	5	3	2	3	4	4	3	3	3	0.0	0.0
12	25.0	12.0	3.0	1.0	0.0	1.0	1.0	13	občanská výchova a výchova ke zdraví	5	4	-1	-1	-1	-1	-1	-1	-1	0.0	0.0
13	14.0	10.0	4.0	4.0	0.0	4.0	3.0	14	český jazyk	1	5	1	1	1	1	1	1	1	0.0	0.0
14	10.0	13.0	3.0	5.0	6.0	0.0	0.0	15	český jazyk	2	5	1	1	1	1	1	1	1	0.0	0.0
15	7.0	10.0	0.0	4.0	2.0	2.0	1.0	16	český jazyk	3	5	1	1	1	1	1	1	1	0.0	0.0
16	14.0	10.0	4.0	4.0	0.0	4.0	3.0	17	historie a křesťanská výchova	4	5	1	1	1	1	1	1	1	0.0	0.0
17	10.0	13.0	3.0	5.0	6.0	0.0	0.0	18	historie a křesťanská výchova	5	5	1	1	1	1	1	1	1	0.0	0.0
18	4.0	6.0	0.0	4.0	1.0	2.0	0.0	19	občanská výchova a výchova ke zdraví	1	6	1	1	2	1	1	1	1	0.0	2.0
19	0.0	8.0	0.0	1.0	1.0	0.0	0.0	20	občanská výchova a výchova ke zdraví	2	6	1	1	2	1	1	1	1	0.0	0.0
20	1.0	4.0	1.0	5.0	0.0	0.0	0.0	21	občanská výchova a výchova ke zdraví	3	6	1	1	2	1	1	1	1	1.0	0.0
21	1.0	5.0	0.0	2.0	3.0	0.0	0.0	22	občanská výchova a výchova ke zdraví	4	6	1	1	2	1	1	1	1	1.0	0.0
22	1.0	6.0	1.0	1.0	0.0	0.0	1.0	23	občanská výchova a výchova ke zdraví	5	6	1	1	2	1	1	1	1	0.0	0.0
23	0.0	5.0	6.0	2.0	0.0	1.0	0.0	25	občanská výchova a výchova ke zdraví	3	7	1	1	2	1	1	3	2	2.0	0.0
24	14.0	3.0	2.0	5.0	0.0	1.0	4.0	27	historie a křesťanská výchova	5	7	1	1	2	1	1	3	2	0.0	0.0
25	15.0	3.0	2.0	16.0	3.0	1.0	1.0	28	biologie	4	8	-1	-1	-1	-1	-1	-1	-1	1.0	0.0
26	10.0	9.0	10.0	9.0	2.0	1.0	2.0	29	biologie	5	8	-1	-1	-1	-1	-1	-1	-1	1.0	1.0
27	6.0	6.0	3.0	2.0	4.0	0.0	2.0	31	ruský a francouzský jazyk	2	9	1	1	1	1	-1	2	1	0.0	0.0
28	2.0	10.0	4.0	4.0	2.0	0.0	0.0	34	matematika	1	10	1	2	2	1	-1	2	1	0.0	0.0
29	2.0	10.0	4.0	4.0	2.0	0.0	0.0	35	matematika	1	10	1	1	2	2	-1	2	1	0.0	0.0
30	0.0	4.0	3.0	6.0	1.0	1.0	1.0	38	matematika	3	10	1	2	2	1	-1	2	1	0.0	0.0
31	0.0	4.0	3.0	6.0	1.0	1.0	1.0	39	matematika	3	10	1	1	2	2	-1	2	1	0.0	0.0
32	8.0	2.0	4.0	7.0	0.0	0.0	0.0	40	matematika	4	10	1	2	2	1	-1	2	1	0.0	0.0
33	8.0	2.0	4.0	7.0	0.0	0.0	0.0	41	matematika	4	10	1	1	2	2	-1	2	1	0.0	0.0
34	11.0	11.0	5.0	5.0	0.0	1.0	0.0	42	matematika	5	10	1	2	2	1	-1	2	1	0.0	0.0
35	11.0	11.0	5.0	5.0	0.0	1.0	0.0	43	matematika	5	10	1	1	2	2	-1	2	1	0.0	0.0
36	9.0	4.0	5.0	4.0	0.0	0.0	0.0	44	historie a křesťanská výchova	1	11	1	1	1	2	2	2	1	0.0	3.0
37	4.0	8.0	4.0	1.0	2.0	0.0	0.0	45	historie a křesťanská výchova	2	11	1	1	1	2	2	2	1	1.0	1.0
38	2.0	11.0	6.0	2.0	2.0	1.0	0.0	46	historie a křesťanská výchova	3	11	1	1	1	2	2	2	1	0.0	1.0
39	1.0	6.0	4.0	1.0	0.0	0.0	0.0	47	historie a křesťanská výchova	4	11	1	1	1	2	2	2	1	0.0	0.0
40	4.0	5.0	3.0	0.0	0.0	0.0	0.0	48	historie a křesťanská výchova	5	11	1	1	1	2	2	2	1	1.0	0.0
41	14.0	14.0	2.0	3.0	1.0	0.0	0.0	49	anglický jazyk	1	12	1	1	1	1	1	2	1	0.0	0.0
42	21.0	18.0	4.0	3.0	10.0	7.0	0.0	50	anglický jazyk	2	12	1	1	1	1	1	2	1	0.0	0.0
43	12.0	20.0	2.0	3.0	7.0	1.0	0.0	51	anglický jazyk	3	12	1	1	1	1	1	2	1	1.0	0.0
44	14.0	6.0	1.0	1.0	2.0	0.0	0.0	52	historie a křesťanská výchova	5	12	1	1	1	1	1	2	1	0.0	0.0
45	17.0	16.0	14.0	3.0	0.0	4.0	0.0	53	občanská výchova	1	13	1	1	3	1	2	2	2	0.0	1.0
46	6.0	4.0	6.0	5.0	2.0	1.0	6.0	54	občanská výchova	2	13	1	1	3	1	2	2	2	1.0	0.0
47	5.0	4.0	9.0	8.0	8.0	1.0	0.0	55	občanská výchova	3	13	1	1	3	1	2	2	2	1.0	0.0
48	2.0	13.0	3.0	1.0	2.0	0.0	1.0	56	občanská výchova a výchova ke zdraví	4	13	1	1	3	1	2	2	2	1.0	1.0
49	13.0	13.0	9.0	1.0	6.0	5.0	1.0	57	občanská výchova a výchova ke zdraví	5	13	1	1	3	1	2	2	2	0.0	0.0
50	11.0	2.0	4.0	5.0	1.0	0.0	3.0	62	anglický jazyk	1	15	1	1	2	2	1	1	1	0.0	0.0
51	10.0	6.0	1.0	2.0	1.0	2.0	0.0	63	anglický jazyk	2	15	1	1	2	2	1	1	1	0.0	0.0
52	7.0	1.0	3.0	4.0	3.0	0.0	3.0	64	anglický jazyk	3	15	1	1	2	2	1	1	1	0.0	0.0
53	22.0	1.0	3.0	2.0	0.0	0.0	0.0	65	český jazyk	1	16	1	2	3	2	2	2	3	0.0	0.0
54	7.0	13.0	4.0	3.0	0.0	0.0	1.0	67	český jazyk	3	16	1	2	3	2	2	2	3	0.0	0.0
55	3.0	3.0	5.0	6.0	3.0	0.0	2.0	69	český jazyk	5	16	1	2	3	2	2	2	3	0.0	2.0
56	4.0	2.0	3.0	8.0	1.0	1.0	4.0	70	anglický jazyk	1	17	1	1	2	2	-1	1	1	0.0	1.0
57	4.0	4.0	4.0	2.0	4.0	0.0	0.0	71	anglický jazyk	2	17	1	1	2	2	-1	1	1	0.0	1.0
58	4.0	1.0	13.0	7.0	0.0	0.0	0.0	72	anglický jazyk	3	17	1	1	2	2	-1	1	1	0.0	0.0
59	2.0	6.0	3.0	8.0	6.0	0.0	0.0	73	anglický jazyk	4	17	1	1	2	2	-1	1	1	0.0	1.0
60	2.0	2.0	5.0	9.0	2.0	0.0	3.0	74	anglický jazyk	5	17	1	1	2	2	-1	1	1	3.0	0.0
61	3.0	2.0	0.0	2.0	0.0	0.0	1.0	75	český jazyk	1	18	1	1	1	1	1	1	1	0.0	0.0
62	8.0	1.0	0.0	2.0	3.0	0.0	0.0	76	český jazyk	2	18	1	1	1	1	1	1	1	0.0	0.0
63	3.0	7.0	2.0	3.0	0.0	2.0	1.0	77	český jazyk	3	18	1	1	1	1	1	1	1	0.0	0.0
64	8.0	7.0	0.0	1.0	0.0	1.0	1.0	78	český jazyk	4	18	1	1	1	1	1	1	1	2.0	0.0
65	4.0	3.0	6.0	7.0	1.0	1.0	2.0	79	český jazyk	5	18	1	1	1	1	1	1	1	0.0	0.0
66	7.0	11.0	6.0	0.0	2.0	0.0	0.0	80	občanská výchova a výchova ke zdraví	1	19	-1	-1	-1	-1	-1	-1	-1	0.0	0.0
67	13.0	11.0	1.0	1.0	0.0	0.0	1.0	81	občanská výchova a výchova ke zdraví	2	19	-1	-1	-1	-1	-1	-1	-1	0.0	0.0
68	10.0	3.0	0.0	7.0	0.0	0.0	2.0	82	občanská výchova a výchova ke zdraví	3	19	-1	-1	-1	-1	-1	-1	-1	0.0	0.0
69	9.0	3.0	0.0	1.0	5.0	0.0	0.0	83	anglický jazyk	1	20	1	2	2	2	1	2	2	1.0	0.0
70	14.0	0.0	0.0	3.0	0.0	0.0	6.0	84	anglický jazyk	2	20	1	2	2	2	1	2	2	0.0	0.0
71	9.0	1.0	0.0	2.0	0.0	0.0	11.0	85	anglický jazyk	3	20	1	2	2	2	1	2	2	0.0	0.0
72	143.0	6.0	4.0	2.0	1.0	1.0	0.0	87	český jazyk	1	22	1	1	2	1	1	1	2	0.0	0.0
73	78.0	37.0	5.0	1.0	1.0	0.0	0.0	88	český jazyk	2	22	1	1	2	1	1	1	2	0.0	0.0
74	53.0	29.0	0.0	3.0	1.0	1.0	0.0	89	český jazyk	3	22	1	1	2	1	1	1	2	0.0	0.0
75	12.0	8.0	4.0	5.0	2.0	2.0	1.0	91	český jazyk	5	22	1	1	2	1	1	1	2	2.0	0.0
76	7.0	13.0	6.0	5.0	1.0	2.0	1.0	92	geografie	1	23	1	1	1	1	1	1	1	1.0	0.0
77	8.0	13.0	3.0	1.0	0.0	1.0	0.0	93	geografie	2	23	1	1	1	1	1	1	1	0.0	0.0
78	9.0	9.0	1.0	0.0	0.0	2.0	1.0	94	geografie	3	23	1	1	1	1	1	1	1	0.0	0.0
79	10.0	9.0	2.0	1.0	0.0	0.0	2.0	96	zeměpis	5	23	1	1	1	1	1	1	1	1.0	0.0
80	5.0	1.0	1.0	3.0	1.0	0.0	1.0	97	ruský a francouzský jazyk	1	24	-1	-1	-1	-1	-1	-1	-1	0.0	0.0
81	12.0	3.0	2.0	3.0	0.0	1.0	0.0	98	fyzika, chemie a technická výchova	1	25	2	1	1	1	1	2	1	0.0	0.0
82	8.0	5.0	0.0	2.0	3.0	1.0	0.0	99	fyzika, chemie a technická výchova	2	25	2	1	1	1	1	2	1	0.0	0.0
83	7.0	4.0	0.0	1.0	1.0	0.0	0.0	100	fyzika, chemie a technická výchova	3	25	2	1	1	1	1	2	1	0.0	0.0
84	8.0	2.0	2.0	1.0	1.0	0.0	1.0	101	fyzika, chemie a technická výchova	4	25	2	1	1	1	1	2	1	0.0	1.0
85	8.0	2.0	3.0	4.0	0.0	0.0	1.0	102	fyzika, chemie a technická výchova	5	25	2	1	1	1	1	2	1	1.0	0.0
86	25.0	2.0	1.0	4.0	0.0	0.0	0.0	103	matematika	1	26	-1	-1	-1	-1	-1	-1	-1	0.0	0.0
87	23.0	2.0	0.0	1.0	0.0	1.0	0.0	104	matematika	2	26	-1	-1	-1	-1	-1	-1	-1	0.0	0.0
88	7.0	6.0	0.0	3.0	0.0	1.0	1.0	105	matematika	3	26	-1	-1	-1	-1	-1	-1	-1	1.0	0.0
89	34.0	12.0	8.0	1.0	0.0	0.0	0.0	106	biologie	4	27	-1	-1	-1	-1	-1	-1	-1	0.0	0.0
90	40.0	13.0	2.0	2.0	1.0	0.0	0.0	107	biologie	5	27	-1	-1	-1	-1	-1	-1	-1	0.0	0.0
91	9.0	10.0	3.0	11.0	2.0	1.0	0.0	108	občanská výchova a výchova ke zdraví	1	28	1	2	4	4	4	3	4	0.0	0.0
92	4.0	8.0	3.0	6.0	3.0	0.0	1.0	109	občanská výchova a výchova ke zdraví	2	28	1	2	4	4	4	3	4	0.0	0.0
93	7.0	3.0	4.0	3.0	1.0	0.0	0.0	110	občanská výchova a výchova ke zdraví	3	28	1	2	4	4	4	3	4	0.0	0.0
94	4.0	7.0	6.0	5.0	0.0	0.0	0.0	111	matematika	4	28	1	2	4	4	4	3	4	0.0	0.0
95	3.0	6.0	1.0	3.0	1.0	1.0	1.0	112	matematika	5	28	1	2	4	4	4	3	4	0.0	0.0
96	4.0	7.0	6.0	5.0	0.0	0.0	0.0	113	speciální pedagogika a hudební výchova	4	29	-1	-1	-1	-1	-1	-1	-1	0.0	0.0
97	3.0	6.0	1.0	3.0	1.0	1.0	1.0	114	speciální pedagogika a hudební výchova	5	29	-1	-1	-1	-1	-1	-1	-1	0.0	0.0
98	20.0	5.0	2.0	20.0	3.0	0.0	2.0	115	hudební výchova	1	30	1	1	1	1	1	2	1	0.0	0.0
99	13.0	6.0	3.0	12.0	1.0	2.0	7.0	116	hudební výchova	2	30	1	1	1	1	1	2	1	0.0	0.0
100	8.0	10.0	1.0	4.0	2.0	5.0	6.0	117	hudební výchova	3	30	1	1	1	1	1	2	1	0.0	1.0
101	11.0	9.0	7.0	3.0	0.0	1.0	0.0	118	speciální pedagogika a hudební výchova	4	30	1	1	1	1	1	2	1	0.0	0.0
102	5.0	11.0	4.0	3.0	0.0	3.0	6.0	119	speciální pedagogika a hudební výchova	5	30	1	1	1	1	1	2	1	0.0	0.0
103	2.0	3.0	1.0	2.0	1.0	2.0	4.0	122	geografie	3	31	1	1	2	1	2	1	1	0.0	0.0
104	6.0	10.0	1.0	4.0	0.0	2.0	2.0	124	zeměpis	5	31	1	1	2	1	2	1	1	0.0	3.0
105	17.0	4.0	2.0	4.0	3.0	0.0	2.0	125	český jazyk	1	32	2	2	3	2	3	3	3	0.0	0.0
106	25.0	11.0	3.0	8.0	3.0	0.0	4.0	126	český jazyk	2	32	2	2	3	2	3	3	3	1.0	1.0
107	34.0	22.0	7.0	14.0	4.0	3.0	5.0	127	český jazyk	3	32	2	2	3	2	3	3	3	1.0	1.0
108	11.0	5.0	2.0	1.0	0.0	0.0	0.0	128	historie a křesťanská výchova	1	33	1	1	2	2	1	1	1	0.0	0.0
109	10.0	5.0	3.0	3.0	3.0	0.0	2.0	129	historie a křesťanská výchova	2	33	1	1	2	2	1	1	1	0.0	0.0
110	10.0	5.0	1.0	2.0	0.0	0.0	0.0	130	historie a křesťanská výchova	3	33	1	1	2	2	1	1	1	0.0	0.0
111	5.0	2.0	1.0	3.0	4.0	0.0	4.0	131	historie a křesťanská výchova	4	33	1	1	2	2	1	1	1	0.0	0.0
112	3.0	5.0	0.0	4.0	3.0	0.0	0.0	132	historie a křesťanská výchova	5	33	1	1	2	2	1	1	1	0.0	0.0
113	9.0	3.0	1.0	2.0	0.0	0.0	0.0	133	český jazyk	1	34	1	1	2	1	3	2	1	0.0	1.0
114	8.0	4.0	0.0	0.0	0.0	0.0	0.0	134	český jazyk	2	34	1	1	2	1	3	2	1	0.0	0.0
115	4.0	10.0	1.0	1.0	0.0	0.0	0.0	135	český jazyk	3	34	1	1	2	1	3	2	1	1.0	0.0
116	5.0	2.0	5.0	1.0	0.0	0.0	0.0	136	český jazyk	4	34	1	1	2	1	3	2	1	0.0	0.0
117	2.0	4.0	1.0	1.0	1.0	2.0	0.0	137	český jazyk	5	34	1	1	2	1	3	2	1	0.0	0.0
118	20.0	2.0	0.0	8.0	0.0	0.0	1.0	138	anglický jazyk	1	35	1	1	2	2	2	2	1	0.0	0.0
119	19.0	4.0	3.0	14.0	5.0	0.0	1.0	139	anglický jazyk	2	35	1	1	2	2	2	2	1	0.0	0.0
120	16.0	17.0	0.0	6.0	1.0	2.0	2.0	140	anglický jazyk	3	35	1	1	2	2	2	2	1	0.0	1.0
121	6.0	4.0	0.0	7.0	6.0	1.0	5.0	141	český jazyk	4	35	1	1	2	2	2	2	1	0.0	2.0
122	8.0	4.0	4.0	7.0	4.0	1.0	2.0	142	český jazyk	5	35	1	1	2	2	2	2	1	1.0	0.0
123	16.0	4.0	10.0	2.0	0.0	1.0	0.0	143	fyzika, chemie a technická výchova	1	36	1	1	1	2	-1	2	2	0.0	0.0
124	14.0	13.0	7.0	3.0	3.0	2.0	0.0	144	fyzika, chemie a technická výchova	2	36	1	1	1	2	-1	2	2	0.0	1.0
125	15.0	4.0	2.0	5.0	0.0	1.0	0.0	145	fyzika, chemie a technická výchova	3	36	1	1	1	2	-1	2	2	0.0	0.0
126	2.0	8.0	5.0	4.0	0.0	0.0	0.0	146	fyzika, chemie a technická výchova	4	36	1	1	1	2	-1	2	2	0.0	0.0
127	9.0	3.0	5.0	10.0	0.0	0.0	1.0	148	ruský a francouzský jazyk	1	37	1	1	2	1	1	2	1	0.0	0.0
128	8.0	1.0	3.0	5.0	0.0	0.0	3.0	149	ruský a francouzský jazyk	2	37	1	1	2	1	1	2	1	0.0	2.0
129	14.0	3.0	2.0	2.0	0.0	1.0	1.0	150	ruský a francouzský jazyk	3	37	1	1	2	1	1	2	1	1.0	0.0
130	10.0	2.0	3.0	3.0	0.0	0.0	1.0	151	ruský a francouzský jazyk	4	37	1	1	2	1	1	2	1	0.0	0.0
131	18.0	4.0	9.0	6.0	5.0	0.0	8.0	152	ruský a francouzský jazyk	5	37	1	1	2	1	1	2	1	1.0	0.0
132	21.0	1.0	1.0	1.0	0.0	0.0	2.0	153	český jazyk	4	38	-1	-1	-1	-1	-1	-1	-1	0.0	0.0
133	24.0	1.0	0.0	0.0	0.0	0.0	0.0	154	český jazyk	5	38	-1	-1	-1	-1	-1	-1	-1	1.0	0.0
134	12.0	10.0	7.0	2.0	2.0	1.0	1.0	155	anglický jazyk	1	39	1	1	1	1	2	1	1	0.0	0.0
135	3.0	13.0	4.0	9.0	1.0	0.0	0.0	156	anglický jazyk	2	39	1	1	1	1	2	1	1	1.0	1.0
136	17.0	5.0	1.0	11.0	4.0	0.0	1.0	157	anglický jazyk	3	39	1	1	1	1	2	1	1	0.0	1.0
137	16.0	5.0	4.0	4.0	1.0	0.0	1.0	158	anglický jazyk	4	39	1	1	1	1	2	1	1	1.0	1.0
138	6.0	5.0	2.0	13.0	2.0	0.0	0.0	159	anglický jazyk	5	39	1	1	1	1	2	1	1	0.0	0.0
139	15.0	4.0	9.0	6.0	1.0	2.0	1.0	160	hudební výchova	1	40	1	1	1	1	2	2	1	0.0	1.0
140	6.0	11.0	10.0	9.0	1.0	2.0	0.0	161	hudební výchova	2	40	1	1	1	1	2	2	1	0.0	0.0
141	12.0	12.0	10.0	4.0	2.0	2.0	2.0	162	hudební výchova	3	40	1	1	1	1	2	2	1	0.0	0.0
142	21.0	9.0	7.0	2.0	1.0	1.0	4.0	163	český jazyk	4	40	1	1	1	1	2	2	1	1.0	1.0
143	13.0	13.0	5.0	5.0	3.0	1.0	1.0	164	český jazyk	5	40	1	1	1	1	2	2	1	0.0	0.0
144	17.0	11.0	12.0	3.0	5.0	1.0	1.0	165	anglický jazyk	1	41	1	1	1	1	1	1	1	1.0	0.0
145	7.0	10.0	10.0	3.0	6.0	3.0	2.0	166	anglický jazyk	2	41	1	1	1	1	1	1	1	0.0	0.0
146	3.0	14.0	11.0	9.0	4.0	1.0	2.0	167	anglický jazyk	3	41	1	1	1	1	1	1	1	0.0	1.0
147	9.0	11.0	4.0	1.0	2.0	0.0	1.0	168	anglický jazyk	4	41	1	1	1	1	1	1	1	0.0	0.0
148	13.0	6.0	1.0	3.0	0.0	1.0	0.0	169	anglický jazyk	5	41	1	1	1	1	1	1	1	0.0	0.0
149	7.0	2.0	4.0	0.0	0.0	0.0	0.0	170	výtvarná výchova a vizuální tvorba	1	42	1	1	1	1	2	3	1	0.0	0.0
150	16.0	1.0	2.0	0.0	0.0	0.0	0.0	171	výtvarná výchova a vizuální tvorba	2	42	1	1	1	1	2	3	1	0.0	0.0
151	19.0	2.0	3.0	1.0	1.0	0.0	0.0	172	výtvarná výchova a vizuální tvorba	3	42	1	1	1	1	2	3	1	0.0	0.0
152	2.0	12.0	5.0	2.0	0.0	1.0	1.0	173	český jazyk	1	43	-1	-1	-1	-1	-1	-1	-1	0.0	1.0
153	2.0	9.0	8.0	1.0	2.0	3.0	0.0	174	český jazyk	2	43	-1	-1	-1	-1	-1	-1	-1	0.0	0.0
154	3.0	1.0	1.0	4.0	1.0	2.0	3.0	175	český jazyk	3	43	-1	-1	-1	-1	-1	-1	-1	2.0	0.0
155	6.0	14.0	5.0	4.0	1.0	1.0	0.0	176	výtvarná výchova a vizuální tvorba	4	43	-1	-1	-1	-1	-1	-1	-1	0.0	0.0
156	24.0	13.0	16.0	9.0	3.0	1.0	1.0	177	výtvarná výchova a vizuální tvorba	1	44	1	1	1	1	1	1	1	1.0	2.0
157	36.0	19.0	8.0	4.0	2.0	1.0	2.0	178	výtvarná výchova a vizuální tvorba	2	44	1	1	1	1	1	1	1	1.0	1.0
158	24.0	17.0	6.0	3.0	0.0	2.0	1.0	179	výtvarná výchova a vizuální tvorba	3	44	1	1	1	1	1	1	1	0.0	1.0
159	4.0	25.0	6.0	3.0	2.0	0.0	3.0	180	výtvarná výchova a vizuální tvorba	4	44	1	1	1	1	1	1	1	0.0	1.0
160	14.0	8.0	7.0	5.0	1.0	0.0	0.0	181	výtvarná výchova a vizuální tvorba	5	44	1	1	1	1	1	1	1	2.0	0.0
161	0.0	0.0	6.0	5.0	0.0	0.0	1.0	182	geografie	1	45	1	2	2	1	-1	1	1	0.0	0.0
162	4.0	1.0	4.0	2.0	1.0	0.0	1.0	183	geografie	2	45	1	2	2	1	-1	1	1	0.0	0.0
163	5.0	3.0	3.0	2.0	1.0	1.0	0.0	184	geografie	3	45	1	2	2	1	-1	1	1	0.0	1.0
164	2.0	2.0	4.0	3.0	1.0	0.0	1.0	186	anglický jazyk	5	45	1	2	2	1	-1	1	1	2.0	0.0
165	18.0	3.0	2.0	6.0	1.0	0.0	5.0	187	výtvarná výchova a vizuální tvorba	1	46	1	1	1	1	1	1	1	0.0	1.0
166	4.0	4.0	8.0	3.0	3.0	1.0	0.0	188	výtvarná výchova a vizuální tvorba	2	46	1	1	1	1	1	1	1	0.0	0.0
167	8.0	13.0	3.0	4.0	1.0	2.0	1.0	189	výtvarná výchova a vizuální tvorba	3	46	1	1	1	1	1	1	1	0.0	0.0
168	7.0	3.0	8.0	3.0	4.0	0.0	1.0	190	výtvarná výchova a vizuální tvorba	4	46	1	1	1	1	1	1	1	0.0	0.0
169	2.0	6.0	5.0	3.0	1.0	0.0	0.0	191	výtvarná výchova a vizuální tvorba	5	46	1	1	1	1	1	1	1	1.0	1.0
170	0.0	2.0	7.0	2.0	0.0	0.0	0.0	192	občanská výchova a výchova ke zdraví	4	47	-1	-1	-1	-1	-1	-1	-1	2.0	0.0
171	8.0	4.0	3.0	8.0	0.0	1.0	0.0	193	občanská výchova a výchova ke zdraví	5	47	-1	-1	-1	-1	-1	-1	-1	0.0	0.0
172	8.0	2.0	1.0	2.0	0.0	0.0	0.0	194	český jazyk	1	48	2	2	3	2	2	2	2	0.0	1.0
173	8.0	4.0	2.0	1.0	0.0	1.0	0.0	195	český jazyk	2	48	2	2	3	2	2	2	2	0.0	0.0
174	6.0	2.0	2.0	0.0	0.0	0.0	0.0	196	český jazyk	3	48	2	2	3	2	2	2	2	0.0	0.0
175	8.0	4.0	2.0	1.0	0.0	1.0	0.0	197	historie a křesťanská výchova	4	48	2	2	3	2	2	2	2	0.0	0.0
176	12.0	9.0	3.0	0.0	0.0	1.0	1.0	198	historie a křesťanská výchova	5	48	2	2	3	2	2	2	2	0.0	0.0
177	12.0	1.0	5.0	3.0	0.0	0.0	0.0	199	občanská výchova	1	49	1	1	2	2	1	2	1	0.0	1.0
178	6.0	8.0	8.0	3.0	0.0	0.0	1.0	200	občanská výchova	2	49	1	1	2	2	1	2	1	1.0	0.0
179	3.0	7.0	3.0	5.0	2.0	1.0	1.0	201	občanská výchova	3	49	1	1	2	2	1	2	1	0.0	0.0
180	6.0	3.0	7.0	2.0	0.0	0.0	2.0	202	český jazyk	4	49	1	1	2	2	1	2	1	1.0	0.0
181	6.0	8.0	8.0	3.0	0.0	0.0	1.0	203	český jazyk	5	49	1	1	2	2	1	2	1	1.0	0.0
182	12.0	2.0	1.0	5.0	1.0	0.0	0.0	204	hudební výchova	1	50	1	1	1	2	2	1	1	0.0	0.0
183	8.0	7.0	1.0	4.0	0.0	0.0	0.0	205	hudební výchova	2	50	1	1	1	2	2	1	1	0.0	0.0
184	1.0	1.0	3.0	0.0	0.0	0.0	0.0	206	hudební výchova	3	50	1	1	1	2	2	1	1	0.0	1.0
185	3.0	1.0	1.0	4.0	2.0	0.0	1.0	207	občanská výchova a výchova ke zdraví	4	50	1	1	1	2	2	1	1	0.0	1.0
186	0.0	1.0	1.0	7.0	1.0	0.0	3.0	208	občanská výchova a výchova ke zdraví	5	50	1	1	1	2	2	1	1	0.0	1.0
187	13.0	11.0	3.0	2.0	1.0	0.0	4.0	209	občanská výchova	1	51	1	1	2	1	2	1	1	0.0	0.0
188	3.0	6.0	2.0	2.0	7.0	0.0	0.0	210	občanská výchova	2	51	1	1	2	1	2	1	1	0.0	0.0
189	11.0	5.0	1.0	3.0	1.0	0.0	0.0	211	občanská výchova	3	51	1	1	2	1	2	1	1	0.0	1.0
190	4.0	4.0	1.0	3.0	2.0	0.0	0.0	212	občanská výchova a výchova ke zdraví	4	51	1	1	2	1	2	1	1	0.0	0.0
191	9.0	4.0	3.0	3.0	3.0	1.0	0.0	213	občanská výchova a výchova ke zdraví	5	51	1	1	2	1	2	1	1	0.0	1.0
192	13.0	13.0	3.0	4.0	1.0	0.0	0.0	214	anglický jazyk	4	52	-1	-1	-1	-1	-1	-1	-1	0.0	0.0
193	8.0	11.0	7.0	2.0	7.0	5.0	0.0	215	anglický jazyk	5	52	-1	-1	-1	-1	-1	-1	-1	1.0	1.0
194	15.0	20.0	1.0	2.0	0.0	1.0	0.0	216	speciální pedagogika	1	53	1	1	2	2	2	2	2	0.0	0.0
195	13.0	10.0	2.0	3.0	1.0	1.0	0.0	217	speciální pedagogika	2	53	1	1	2	2	2	2	2	0.0	0.0
196	13.0	12.0	2.0	0.0	0.0	1.0	0.0	218	speciální pedagogika	3	53	1	1	2	2	2	2	2	0.0	0.0
197	18.0	16.0	1.0	1.0	0.0	0.0	0.0	219	fyzika, chemie a technická výchova	4	53	1	1	2	2	2	2	2	0.0	0.0
198	16.0	15.0	8.0	3.0	1.0	1.0	0.0	220	geografie	1	54	1	1	2	1	1	1	1	0.0	0.0
199	4.0	6.0	4.0	7.0	1.0	2.0	1.0	221	geografie	2	54	1	1	2	1	1	1	1	0.0	0.0
200	4.0	4.0	7.0	1.0	0.0	0.0	0.0	222	geografie	3	54	1	1	2	1	1	1	1	1.0	0.0
201	7.0	5.0	6.0	1.0	0.0	0.0	0.0	226	geografie	3	55	1	1	1	1	1	1	1	0.0	1.0
202	9.0	9.0	5.0	3.0	0.0	0.0	1.0	228	biologie	5	55	1	1	1	1	1	1	1	0.0	1.0
203	12.0	0.0	1.0	4.0	0.0	0.0	0.0	230	občanská výchova a výchova ke zdraví	5	56	-1	-1	-1	-1	-1	-1	-1	0.0	0.0
204	17.0	4.0	6.0	4.0	0.0	0.0	1.0	231	německý jazyk	1	57	-1	-1	-1	-1	-1	-1	-1	0.0	0.0
205	7.0	1.0	4.0	3.0	1.0	0.0	0.0	232	matematika	1	58	1	1	3	2	2	3	2	0.0	0.0
206	4.0	12.0	1.0	11.0	1.0	1.0	0.0	233	matematika	2	58	1	1	3	2	2	3	2	0.0	1.0
207	1.0	6.0	0.0	3.0	0.0	0.0	0.0	234	matematika	3	58	1	1	3	2	2	3	2	0.0	0.0
208	10.0	1.0	6.0	3.0	0.0	0.0	1.0	235	matematika	4	58	1	1	3	2	2	3	2	0.0	0.0
209	2.0	6.0	0.0	2.0	0.0	1.0	0.0	236	matematika	5	58	1	1	3	2	2	3	2	0.0	0.0
210	2.0	16.0	7.0	1.0	0.0	2.0	0.0	238	ruský a francouzský jazyk	2	59	1	2	2	2	-1	1	2	0.0	0.0
211	9.0	22.0	2.0	1.0	0.0	0.0	1.0	239	ruský a francouzský jazyk	3	59	1	2	2	2	-1	1	2	0.0	0.0
212	19.0	14.0	0.0	3.0	0.0	0.0	0.0	240	historie a křesťanská výchova	4	59	1	2	2	2	-1	1	2	0.0	0.0
213	17.0	12.0	2.0	0.0	0.0	4.0	0.0	241	historie a křesťanská výchova	5	59	1	2	2	2	-1	1	2	0.0	0.0
214	3.0	4.0	2.0	0.0	0.0	2.0	0.0	242	speciální pedagogika a hudební výchova	4	60	-1	-1	-1	-1	-1	-1	-1	0.0	0.0
215	3.0	3.0	1.0	0.0	0.0	1.0	0.0	243	speciální pedagogika a hudební výchova	5	60	-1	-1	-1	-1	-1	-1	-1	1.0	0.0
216	5.0	0.0	0.0	2.0	0.0	0.0	0.0	244	český jazyk	4	61	1	1	1	1	2	2	1	0.0	0.0
217	6.0	0.0	0.0	4.0	0.0	0.0	0.0	245	český jazyk	5	61	1	1	1	1	2	2	1	0.0	0.0
218	19.0	10.0	6.0	10.0	0.0	1.0	0.0	246	geografie	1	62	1	1	1	1	-1	3	1	0.0	0.0
219	33.0	6.0	7.0	5.0	1.0	1.0	1.0	247	geografie	2	62	1	1	1	1	-1	3	1	0.0	0.0
220	12.0	23.0	8.0	4.0	4.0	1.0	1.0	248	geografie	3	62	1	1	1	1	-1	3	1	0.0	0.0
221	21.0	12.0	14.0	9.0	6.0	1.0	2.0	249	zeměpis	4	62	1	1	1	1	-1	3	1	1.0	0.0
222	26.0	22.0	2.0	9.0	8.0	0.0	0.0	250	zeměpis	5	62	1	1	1	1	-1	3	1	0.0	3.0
223	20.0	8.0	6.0	9.0	4.0	0.0	4.0	251	český jazyk	1	63	1	1	1	1	-1	1	1	0.0	1.0
224	8.0	4.0	5.0	6.0	3.0	3.0	0.0	252	český jazyk	2	63	1	1	1	1	-1	1	1	0.0	0.0
225	7.0	19.0	4.0	1.0	4.0	0.0	0.0	253	český jazyk	3	63	1	1	1	1	-1	1	1	0.0	0.0
226	13.0	9.0	0.0	5.0	0.0	0.0	1.0	254	fyzika, chemie a technická výchova	1	64	2	1	1	1	-1	1	1	0.0	0.0
227	4.0	6.0	3.0	4.0	4.0	0.0	0.0	255	fyzika, chemie a technická výchova	2	64	2	1	1	1	-1	1	1	0.0	1.0
228	11.0	10.0	5.0	8.0	0.0	0.0	0.0	256	fyzika, chemie a technická výchova	3	64	2	1	1	1	-1	1	1	0.0	0.0
229	14.0	3.0	6.0	1.0	0.0	0.0	1.0	257	matematika	4	64	2	1	1	1	-1	1	1	0.0	0.0
230	21.0	9.0	4.0	4.0	4.0	0.0	0.0	258	matematika	5	64	2	1	1	1	-1	1	1	0.0	1.0
231	4.0	6.0	10.0	0.0	3.0	0.0	0.0	261	občanská výchova	3	65	1	1	1	1	1	2	2	0.0	0.0
232	7.0	8.0	3.0	1.0	1.0	0.0	0.0	262	český jazyk	4	65	1	1	1	1	1	2	2	2.0	0.0
233	12.0	9.0	5.0	1.0	0.0	2.0	0.0	263	český jazyk	5	65	1	1	1	1	1	2	2	0.0	0.0
234	9.0	5.0	4.0	3.0	0.0	0.0	0.0	264	historie a křesťanská výchova	1	66	1	1	2	1	1	1	1	0.0	0.0
235	19.0	0.0	8.0	3.0	0.0	0.0	0.0	265	historie a křesťanská výchova	2	66	1	1	2	1	1	1	1	0.0	1.0
236	1.0	6.0	11.0	6.0	1.0	0.0	1.0	266	historie a křesťanská výchova	3	66	1	1	2	1	1	1	1	0.0	0.0
237	8.0	8.0	2.0	0.0	0.0	0.0	1.0	268	občanská výchova a výchova ke zdraví	5	66	1	1	2	1	1	1	1	0.0	0.0
238	15.0	9.0	3.0	4.0	0.0	0.0	1.0	269	občanská výchova a výchova ke zdraví	1	67	2	2	2	3	-1	3	3	3.0	0.0
239	3.0	5.0	2.0	1.0	8.0	0.0	5.0	270	občanská výchova a výchova ke zdraví	2	67	2	2	2	3	-1	3	3	3.0	1.0
240	5.0	8.0	3.0	5.0	1.0	0.0	4.0	271	občanská výchova a výchova ke zdraví	3	67	2	2	2	3	-1	3	3	4.0	0.0
241	22.0	8.0	10.0	2.0	0.0	0.0	0.0	272	německý jazyk	1	68	1	1	1	1	1	2	1	1.0	0.0
242	15.0	11.0	7.0	3.0	0.0	0.0	0.0	273	německý jazyk	2	68	1	1	1	1	1	2	1	0.0	0.0
243	1.0	14.0	3.0	1.0	2.0	0.0	2.0	274	německý jazyk	3	68	1	1	1	1	1	2	1	0.0	0.0
244	4.0	9.0	6.0	1.0	1.0	0.0	1.0	275	německý jazyk	4	68	1	1	1	1	1	2	1	3.0	0.0
245	9.0	13.0	5.0	0.0	1.0	1.0	1.0	276	německý jazyk	5	68	1	1	1	1	1	2	1	4.0	0.0
246	8.0	0.0	2.0	2.0	2.0	0.0	2.0	277	matematika	1	69	1	2	3	2	2	1	2	0.0	0.0
247	11.0	2.0	0.0	3.0	0.0	0.0	0.0	278	matematika	2	69	1	2	3	2	2	1	2	0.0	0.0
248	10.0	3.0	4.0	1.0	0.0	0.0	1.0	279	matematika	3	69	1	2	3	2	2	1	2	0.0	0.0
249	6.0	4.0	2.0	1.0	8.0	0.0	1.0	280	matematika	4	69	1	2	3	2	2	1	2	1.0	0.0
250	5.0	6.0	0.0	0.0	3.0	1.0	1.0	281	matematika	5	69	1	2	3	2	2	1	2	0.0	0.0
251	11.0	2.0	7.0	4.0	1.0	1.0	0.0	282	anglický jazyk	1	70	1	1	1	1	1	1	1	0.0	0.0
252	12.0	12.0	6.0	3.0	1.0	1.0	3.0	283	anglický jazyk	2	70	1	1	1	1	1	1	1	0.0	0.0
253	6.0	7.0	2.0	3.0	0.0	7.0	0.0	284	anglický jazyk	3	70	1	1	1	1	1	1	1	0.0	0.0
254	4.0	4.0	8.0	1.0	8.0	0.0	0.0	286	ruský a francouzský jazyk	5	70	1	1	1	1	1	1	1	0.0	1.0
255	3.0	2.0	6.0	2.0	4.0	0.0	3.0	287	anglický jazyk	1	71	1	1	2	1	-1	2	1	2.0	1.0
256	9.0	6.0	3.0	0.0	5.0	0.0	0.0	288	anglický jazyk	2	71	1	1	2	1	-1	2	1	1.0	0.0
257	2.0	6.0	6.0	1.0	1.0	2.0	0.0	289	anglický jazyk	3	71	1	1	2	1	-1	2	1	1.0	0.0
258	11.0	4.0	5.0	5.0	0.0	2.0	0.0	290	anglický jazyk	4	71	1	1	2	1	-1	2	1	0.0	1.0
259	15.0	6.0	3.0	4.0	0.0	0.0	1.0	291	anglický jazyk	5	71	1	1	2	1	-1	2	1	0.0	0.0
260	13.0	0.0	2.0	5.0	0.0	0.0	0.0	292	německý jazyk	1	72	1	1	1	1	1	2	2	0.0	1.0
261	8.0	7.0	3.0	0.0	1.0	1.0	0.0	293	německý jazyk	2	72	1	1	1	1	1	2	2	0.0	0.0
262	16.0	2.0	4.0	5.0	1.0	1.0	2.0	294	německý jazyk	3	72	1	1	1	1	1	2	2	1.0	0.0
263	19.0	6.0	4.0	3.0	1.0	0.0	1.0	295	německý jazyk	4	72	1	1	1	1	1	2	2	2.0	0.0
264	12.0	7.0	2.0	2.0	1.0	0.0	0.0	296	německý jazyk	5	72	1	1	1	1	1	2	2	0.0	0.0
265	40.0	2.0	1.0	1.0	1.0	1.0	0.0	297	občanská výchova	1	73	1	1	1	1	-1	1	1	1.0	0.0
266	16.0	3.0	3.0	8.0	0.0	0.0	2.0	298	občanská výchova	2	73	1	1	1	1	-1	1	1	1.0	1.0
267	9.0	4.0	5.0	7.0	0.0	1.0	0.0	299	občanská výchova	3	73	1	1	1	1	-1	1	1	0.0	1.0
268	4.0	6.0	2.0	12.0	3.0	0.0	1.0	301	občanská výchova a výchova ke zdraví	5	73	1	1	1	1	-1	1	1	0.0	0.0
269	7.0	2.0	2.0	1.0	0.0	0.0	1.0	302	matematika	1	74	1	1	1	1	-1	1	1	0.0	0.0
270	8.0	1.0	1.0	0.0	0.0	1.0	0.0	303	matematika	2	74	1	1	1	1	-1	1	1	0.0	0.0
271	14.0	1.0	3.0	0.0	0.0	0.0	0.0	304	matematika	3	74	1	1	1	1	-1	1	1	0.0	0.0
272	3.0	0.0	0.0	1.0	2.0	3.0	1.0	305	občanská výchova a výchova ke zdraví	4	74	1	1	1	1	-1	1	1	1.0	0.0
273	1.0	2.0	4.0	0.0	1.0	1.0	0.0	306	občanská výchova a výchova ke zdraví	5	74	1	1	1	1	-1	1	1	0.0	0.0
274	22.0	2.0	6.0	3.0	1.0	1.0	1.0	307	geografie	1	75	2	1	2	2	2	2	2	0.0	0.0
275	17.0	6.0	1.0	2.0	0.0	2.0	0.0	308	geografie	2	75	2	1	2	2	2	2	2	0.0	0.0
276	5.0	5.0	4.0	0.0	1.0	0.0	0.0	309	geografie	3	75	2	1	2	2	2	2	2	0.0	0.0
277	17.0	13.0	3.0	1.0	1.0	0.0	0.0	310	ruský a francouzský jazyk	5	75	2	1	2	2	2	2	2	0.0	0.0
278	8.0	1.0	14.0	8.0	2.0	1.0	2.0	311	občanská výchova	1	76	1	1	1	2	1	2	1	0.0	0.0
279	5.0	12.0	12.0	0.0	2.0	0.0	1.0	312	občanská výchova	2	76	1	1	1	2	1	2	1	1.0	0.0
280	12.0	6.0	5.0	0.0	1.0	0.0	1.0	313	občanská výchova	3	76	1	1	1	2	1	2	1	1.0	2.0
281	10.0	13.0	2.0	0.0	2.0	0.0	1.0	315	český jazyk	5	76	1	1	1	2	1	2	1	0.0	0.0
282	17.0	8.0	1.0	5.0	2.0	1.0	0.0	316	matematika	2	77	1	1	2	1	-1	3	1	1.0	0.0
283	13.0	11.0	1.0	4.0	0.0	2.0	2.0	317	matematika	3	77	1	1	2	1	-1	3	1	0.0	0.0
284	19.0	2.0	4.0	4.0	1.0	0.0	0.0	318	fyzika, chemie a technická výchova	4	77	1	1	2	1	-1	3	1	0.0	0.0
285	13.0	5.0	6.0	10.0	1.0	3.0	2.0	320	německý jazyk	1	78	1	1	1	1	-1	1	1	1.0	0.0
286	6.0	9.0	8.0	18.0	9.0	2.0	0.0	321	německý jazyk	2	78	1	1	1	1	-1	1	1	0.0	0.0
287	12.0	4.0	9.0	11.0	3.0	0.0	1.0	322	německý jazyk	3	78	1	1	1	1	-1	1	1	1.0	0.0
288	11.0	6.0	8.0	12.0	1.0	1.0	0.0	323	německý jazyk	4	78	1	1	1	1	-1	1	1	1.0	0.0
289	10.0	2.0	3.0	14.0	2.0	0.0	0.0	324	německý jazyk	5	78	1	1	1	1	-1	1	1	1.0	0.0
290	7.0	14.0	13.0	3.0	4.0	0.0	0.0	325	německý jazyk	1	79	1	1	1	1	2	2	1	0.0	1.0
291	13.0	8.0	8.0	7.0	3.0	0.0	0.0	326	německý jazyk	2	79	1	1	1	1	2	2	1	0.0	0.0
292	10.0	13.0	6.0	8.0	0.0	0.0	0.0	327	německý jazyk	3	79	1	1	1	1	2	2	1	0.0	0.0
293	13.0	12.0	3.0	2.0	5.0	0.0	1.0	328	občanská výchova a výchova ke zdraví	4	79	1	1	1	1	2	2	1	0.0	0.0
294	21.0	7.0	4.0	11.0	5.0	1.0	1.0	329	občanská výchova a výchova ke zdraví	5	79	1	1	1	1	2	2	1	0.0	0.0
295	8.0	3.0	4.0	4.0	0.0	2.0	4.0	330	anglický jazyk	1	80	1	1	2	1	1	2	1	0.0	0.0
296	6.0	11.0	5.0	6.0	3.0	1.0	2.0	331	anglický jazyk	2	80	1	1	2	1	1	2	1	0.0	0.0
297	9.0	11.0	5.0	4.0	3.0	2.0	1.0	332	anglický jazyk	3	80	1	1	2	1	1	2	1	0.0	0.0
298	20.0	8.0	1.0	6.0	1.0	1.0	2.0	333	německý jazyk	4	80	1	1	2	1	1	2	1	0.0	0.0
299	14.0	13.0	4.0	9.0	0.0	1.0	0.0	334	německý jazyk	5	80	1	1	2	1	1	2	1	0.0	2.0
300	6.0	7.0	7.0	3.0	0.0	0.0	2.0	335	občanská výchova a výchova ke zdraví	4	81	-1	-1	-1	-1	-1	-1	-1	0.0	0.0
301	5.0	4.0	8.0	4.0	2.0	1.0	0.0	336	občanská výchova a výchova ke zdraví	5	81	-1	-1	-1	-1	-1	-1	-1	1.0	0.0
302	6.0	3.0	6.0	3.0	0.0	2.0	2.0	337	fyzika, chemie a technická výchova	1	82	1	1	1	1	1	1	1	0.0	0.0
303	5.0	8.0	2.0	6.0	3.0	1.0	2.0	338	fyzika, chemie a technická výchova	2	82	1	1	1	1	1	1	1	0.0	0.0
304	2.0	6.0	8.0	12.0	2.0	2.0	1.0	339	fyzika, chemie a technická výchova	3	82	1	1	1	1	1	1	1	2.0	2.0
305	18.0	3.0	3.0	2.0	0.0	0.0	0.0	340	speciální pedagogika	1	83	2	1	2	2	2	1	2	0.0	1.0
306	9.0	4.0	7.0	1.0	0.0	0.0	3.0	341	speciální pedagogika	2	83	2	1	2	2	2	1	2	0.0	0.0
307	3.0	1.0	3.0	0.0	0.0	0.0	2.0	342	speciální pedagogika	3	83	2	1	2	2	2	1	2	1.0	0.0
308	23.0	12.0	1.0	2.0	1.0	1.0	0.0	346	zeměpis	4	84	1	2	1	1	2	3	1	0.0	1.0
309	7.0	9.0	1.0	1.0	0.0	1.0	2.0	347	zeměpis	5	84	1	2	1	1	2	3	1	0.0	0.0
310	0.0	2.0	4.0	0.0	0.0	0.0	0.0	348	občanská výchova a výchova ke zdraví	1	85	1	2	2	2	2	1	1	0.0	0.0
311	1.0	3.0	1.0	0.0	0.0	1.0	0.0	349	občanská výchova a výchova ke zdraví	2	85	1	2	2	2	2	1	1	0.0	0.0
312	3.0	0.0	3.0	1.0	0.0	0.0	0.0	350	občanská výchova a výchova ke zdraví	3	85	1	2	2	2	2	1	1	0.0	0.0
313	4.0	2.0	1.0	0.0	0.0	0.0	0.0	351	občanská výchova a výchova ke zdraví	4	85	1	2	2	2	2	1	1	0.0	0.0
314	3.0	3.0	1.0	0.0	0.0	0.0	0.0	352	občanská výchova a výchova ke zdraví	5	85	1	2	2	2	2	1	1	0.0	0.0
315	3.0	8.0	2.0	12.0	4.0	0.0	2.0	357	občanská výchova a výchova ke zdraví	5	86	1	1	1	1	-1	2	1	0.0	0.0
316	25.0	8.0	1.0	3.0	1.0	1.0	0.0	358	geografie	1	87	1	2	3	2	2	3	2	0.0	0.0
317	8.0	8.0	0.0	0.0	0.0	2.0	1.0	359	geografie	2	87	1	2	3	2	2	3	2	0.0	0.0
318	12.0	4.0	0.0	1.0	2.0	0.0	0.0	360	geografie	3	87	1	2	3	2	2	3	2	0.0	0.0
319	6.0	7.0	6.0	10.0	0.0	2.0	4.0	361	biologie	1	88	1	1	1	1	1	1	1	1.0	1.0
320	11.0	7.0	7.0	15.0	1.0	1.0	1.0	362	biologie	2	88	1	1	1	1	1	1	1	0.0	0.0
321	13.0	12.0	15.0	13.0	6.0	6.0	1.0	363	biologie	3	88	1	1	1	1	1	1	1	0.0	2.0
322	19.0	10.0	6.0	13.0	0.0	2.0	3.0	364	občanská výchova a výchova ke zdraví	4	88	1	1	1	1	1	1	1	0.0	2.0
323	8.0	8.0	10.0	6.0	1.0	1.0	0.0	365	občanská výchova a výchova ke zdraví	5	88	1	1	1	1	1	1	1	1.0	0.0
324	11.0	0.0	4.0	11.0	1.0	0.0	1.0	366	biologie	1	89	1	1	2	1	-1	2	1	0.0	0.0
325	15.0	1.0	1.0	7.0	1.0	1.0	0.0	367	biologie	2	89	1	1	2	1	-1	2	1	0.0	0.0
326	9.0	6.0	16.0	3.0	1.0	1.0	1.0	368	biologie	3	89	1	1	2	1	-1	2	1	0.0	0.0
327	3.0	11.0	7.0	3.0	1.0	4.0	0.0	369	biologie	4	89	1	1	2	1	-1	2	1	0.0	0.0
328	7.0	1.0	6.0	7.0	0.0	0.0	2.0	371	hudební výchova	1	90	1	1	1	1	2	2	1	0.0	0.0
329	7.0	2.0	1.0	11.0	1.0	0.0	0.0	372	hudební výchova	2	90	1	1	1	1	2	2	1	0.0	0.0
330	3.0	11.0	2.0	4.0	2.0	0.0	2.0	373	hudební výchova	3	90	1	1	1	1	2	2	1	1.0	1.0
331	13.0	5.0	2.0	6.0	0.0	0.0	3.0	374	speciální pedagogika a hudební výchova	4	90	1	1	1	1	2	2	1	0.0	1.0
332	3.0	16.0	2.0	3.0	4.0	0.0	0.0	375	speciální pedagogika a hudební výchova	5	90	1	1	1	1	2	2	1	0.0	0.0
333	15.0	13.0	4.0	9.0	1.0	1.0	0.0	376	geografie	1	91	1	1	1	1	1	2	1	0.0	0.0
334	13.0	7.0	3.0	9.0	5.0	0.0	2.0	377	geografie	2	91	1	1	1	1	1	2	1	0.0	1.0
335	12.0	11.0	5.0	5.0	8.0	2.0	2.0	378	geografie	3	91	1	1	1	1	1	2	1	1.0	3.0
336	10.0	7.0	6.0	3.0	1.0	1.0	1.0	379	zeměpis	4	91	1	1	1	1	1	2	1	0.0	0.0
337	17.0	9.0	2.0	6.0	3.0	0.0	4.0	380	zeměpis	5	91	1	1	1	1	1	2	1	0.0	2.0
338	7.0	4.0	6.0	1.0	1.0	0.0	0.0	381	matematika	1	92	1	1	1	1	1	1	1	0.0	3.0
339	13.0	5.0	1.0	10.0	1.0	0.0	1.0	382	matematika	2	92	1	1	1	1	1	1	1	0.0	0.0
340	6.0	8.0	5.0	1.0	0.0	0.0	0.0	383	matematika	3	92	1	1	1	1	1	1	1	0.0	0.0
341	6.0	6.0	6.0	4.0	0.0	0.0	5.0	384	občanská výchova a výchova ke zdraví	4	92	1	1	1	1	1	1	1	2.0	0.0
342	11.0	1.0	1.0	3.0	0.0	0.0	0.0	385	občanská výchova a výchova ke zdraví	5	92	1	1	1	1	1	1	1	0.0	0.0
343	1.0	15.0	4.0	1.0	2.0	0.0	0.0	386	matematika	1	93	1	2	2	1	-1	1	1	0.0	0.0
344	3.0	11.0	4.0	1.0	3.0	0.0	0.0	387	matematika	2	93	1	2	2	1	-1	1	1	0.0	0.0
345	7.0	2.0	2.0	2.0	0.0	0.0	0.0	388	matematika	3	93	1	2	2	1	-1	1	1	0.0	1.0
346	5.0	11.0	0.0	5.0	2.0	1.0	0.0	390	fyzika, chemie a technická výchova	5	93	1	2	2	1	-1	1	1	1.0	1.0
347	6.0	4.0	6.0	13.0	4.0	1.0	1.0	391	biologie	1	94	1	1	1	2	1	1	1	0.0	0.0
348	9.0	4.0	15.0	9.0	1.0	0.0	0.0	392	biologie	2	94	1	1	1	2	1	1	1	2.0	0.0
349	6.0	8.0	10.0	5.0	2.0	0.0	0.0	393	biologie	3	94	1	1	1	2	1	1	1	0.0	1.0
350	2.0	0.0	3.0	9.0	0.0	0.0	0.0	394	biologie	4	94	1	1	1	2	1	1	1	0.0	0.0
351	1.0	1.0	3.0	4.0	1.0	0.0	2.0	395	biologie	5	94	1	1	1	2	1	1	1	0.0	0.0
352	20.0	10.0	3.0	2.0	0.0	0.0	0.0	396	fyzika, chemie a technická výchova	1	95	1	1	3	2	2	3	2	0.0	1.0
353	26.0	1.0	0.0	1.0	0.0	1.0	0.0	397	fyzika, chemie a technická výchova	2	95	1	1	3	2	2	3	2	0.0	0.0
354	14.0	1.0	1.0	5.0	0.0	0.0	2.0	398	německý jazyk	1	96	1	2	3	2	3	3	1	0.0	0.0
355	7.0	2.0	1.0	1.0	0.0	1.0	0.0	399	německý jazyk	2	96	1	2	3	2	3	3	1	0.0	0.0
356	9.0	1.0	0.0	0.0	1.0	0.0	0.0	400	německý jazyk	3	96	1	2	3	2	3	3	1	1.0	0.0
357	6.0	0.0	3.0	8.0	0.0	0.0	0.0	403	výtvarná výchova a vizuální tvorba	1	97	1	1	1	1	2	1	1	0.0	0.0
358	11.0	1.0	3.0	2.0	2.0	1.0	0.0	404	výtvarná výchova a vizuální tvorba	2	97	1	1	1	1	2	1	1	0.0	0.0
359	12.0	0.0	2.0	3.0	0.0	1.0	0.0	405	výtvarná výchova a vizuální tvorba	3	97	1	1	1	1	2	1	1	0.0	0.0
360	16.0	6.0	2.0	4.0	1.0	0.0	2.0	406	anglický jazyk	1	98	1	1	2	2	1	1	1	1.0	0.0
361	6.0	8.0	5.0	2.0	0.0	1.0	1.0	407	anglický jazyk	2	98	1	1	2	2	1	1	1	1.0	0.0
362	9.0	2.0	5.0	6.0	4.0	0.0	2.0	408	anglický jazyk	3	98	1	1	2	2	1	1	1	0.0	0.0
363	4.0	2.0	6.0	4.0	1.0	0.0	2.0	409	anglický jazyk	4	98	1	1	2	2	1	1	1	0.0	0.0
364	4.0	2.0	1.0	8.0	1.0	1.0	2.0	410	anglický jazyk	5	98	1	1	2	2	1	1	1	0.0	0.0
365	5.0	5.0	12.0	10.0	4.0	1.0	0.0	411	český jazyk	1	99	1	1	1	1	1	2	1	0.0	0.0
366	3.0	5.0	2.0	5.0	0.0	1.0	1.0	412	český jazyk	2	99	1	1	1	1	1	2	1	0.0	0.0
367	9.0	8.0	5.0	4.0	3.0	1.0	0.0	413	český jazyk	3	99	1	1	1	1	1	2	1	0.0	0.0
368	12.0	4.0	7.0	2.0	1.0	0.0	0.0	414	anglický jazyk	1	100	1	1	2	2	2	1	1	0.0	1.0
369	12.0	5.0	5.0	7.0	0.0	3.0	1.0	415	anglický jazyk	2	100	1	1	2	2	2	1	1	0.0	1.0
370	3.0	13.0	4.0	3.0	2.0	0.0	0.0	416	anglický jazyk	3	100	1	1	2	2	2	1	1	0.0	0.0
371	27.0	13.0	15.0	4.0	1.0	4.0	2.0	417	hudební výchova	1	101	2	2	2	2	-1	3	2	1.0	2.0
372	20.0	4.0	3.0	2.0	0.0	2.0	0.0	418	hudební výchova	2	101	2	2	2	2	-1	3	2	0.0	0.0
373	4.0	13.0	6.0	3.0	4.0	4.0	1.0	419	hudební výchova	3	101	2	2	2	2	-1	3	2	0.0	0.0
374	13.0	1.0	1.0	4.0	0.0	0.0	0.0	420	občanská výchova a výchova ke zdraví	4	101	2	2	2	2	-1	3	2	0.0	1.0
375	14.0	9.0	3.0	0.0	2.0	0.0	0.0	421	občanská výchova a výchova ke zdraví	5	101	2	2	2	2	-1	3	2	0.0	0.0
376	5.0	0.0	4.0	7.0	0.0	0.0	1.0	422	anglický jazyk	1	102	1	1	1	1	1	1	1	0.0	0.0
377	10.0	2.0	3.0	14.0	1.0	0.0	0.0	423	anglický jazyk	2	102	1	1	1	1	1	1	1	1.0	2.0
378	10.0	6.0	6.0	5.0	0.0	0.0	2.0	424	anglický jazyk	3	102	1	1	1	1	1	1	1	3.0	0.0
379	13.0	3.0	5.0	7.0	5.0	1.0	1.0	425	speciální pedagogika a hudební výchova	4	102	1	1	1	1	1	1	1	0.0	1.0
380	5.0	8.0	6.0	5.0	2.0	0.0	5.0	426	speciální pedagogika a hudební výchova	5	102	1	1	1	1	1	1	1	0.0	0.0
381	18.0	0.0	4.0	3.0	0.0	0.0	7.0	427	matematika	1	103	1	1	1	1	1	1	1	1.0	0.0
382	6.0	4.0	1.0	5.0	3.0	3.0	2.0	428	matematika	2	103	1	1	1	1	1	1	1	1.0	0.0
383	5.0	5.0	3.0	4.0	3.0	1.0	2.0	429	matematika	3	103	1	1	1	1	1	1	1	1.0	0.0
384	15.0	9.0	3.0	8.0	0.0	2.0	5.0	430	speciální pedagogika a hudební výchova	4	103	1	1	1	1	1	1	1	1.0	2.0
385	12.0	10.0	2.0	8.0	3.0	1.0	2.0	431	speciální pedagogika a hudební výchova	5	103	1	1	1	1	1	1	1	0.0	1.0
386	9.0	4.0	10.0	6.0	0.0	0.0	6.0	432	anglický jazyk	1	104	1	1	1	1	1	2	1	0.0	0.0
387	8.0	4.0	22.0	9.0	4.0	1.0	2.0	433	anglický jazyk	2	104	1	1	1	1	1	2	1	0.0	3.0
388	5.0	2.0	8.0	3.0	3.0	0.0	10.0	434	anglický jazyk	3	104	1	1	1	1	1	2	1	2.0	0.0
389	11.0	6.0	8.0	4.0	1.0	0.0	3.0	435	historie a křesťanská výchova	4	104	1	1	1	1	1	2	1	1.0	0.0
390	12.0	6.0	9.0	4.0	4.0	2.0	3.0	436	historie a křesťanská výchova	5	104	1	1	1	1	1	2	1	0.0	1.0
391	16.0	9.0	1.0	3.0	0.0	0.0	1.0	437	výtvarná výchova a vizuální tvorba	1	105	1	2	2	3	1	3	2	0.0	0.0
392	11.0	2.0	2.0	6.0	0.0	0.0	6.0	438	výtvarná výchova a vizuální tvorba	2	105	1	2	2	3	1	3	2	0.0	0.0
393	23.0	0.0	3.0	3.0	1.0	0.0	3.0	439	výtvarná výchova a vizuální tvorba	3	105	1	2	2	3	1	3	2	0.0	0.0
394	0.0	5.0	17.0	8.0	2.0	0.0	0.0	440	matematika	1	106	1	1	2	1	2	2	1	0.0	0.0
395	0.0	3.0	13.0	6.0	1.0	0.0	0.0	441	matematika	2	106	1	1	2	1	2	2	1	0.0	0.0
396	1.0	5.0	9.0	1.0	0.0	0.0	0.0	442	matematika	3	106	1	1	2	1	2	2	1	0.0	0.0
397	4.0	2.0	13.0	2.0	0.0	0.0	0.0	443	výtvarná výchova a vizuální tvorba	4	106	1	1	2	1	2	2	1	0.0	0.0
398	5.0	6.0	4.0	2.0	0.0	0.0	0.0	444	výtvarná výchova a vizuální tvorba	5	106	1	1	2	1	2	2	1	0.0	0.0
399	8.0	12.0	1.0	4.0	2.0	0.0	0.0	445	anglický jazyk	2	107	1	1	1	1	1	1	1	1.0	0.0
400	22.0	4.0	1.0	11.0	2.0	2.0	0.0	446	anglický jazyk	3	107	1	1	1	1	1	1	1	0.0	0.0
401	26.0	4.0	3.0	7.0	0.0	0.0	4.0	447	anglický jazyk	4	107	1	1	1	1	1	1	1	0.0	0.0
402	26.0	10.0	1.0	7.0	6.0	1.0	4.0	448	anglický jazyk	5	107	1	1	1	1	1	1	1	1.0	0.0
403	14.0	2.0	4.0	6.0	0.0	0.0	1.0	449	anglický jazyk	1	108	1	1	1	1	1	1	1	0.0	0.0
404	2.0	6.0	9.0	3.0	1.0	0.0	0.0	450	anglický jazyk	2	108	1	1	1	1	1	1	1	0.0	0.0
405	5.0	10.0	4.0	4.0	2.0	0.0	0.0	451	anglický jazyk	3	108	1	1	1	1	1	1	1	0.0	0.0
406	2.0	8.0	6.0	1.0	2.0	2.0	0.0	452	ruský a francouzský jazyk	4	108	1	1	1	1	1	1	1	0.0	0.0
407	3.0	2.0	6.0	6.0	0.0	0.0	1.0	453	ruský a francouzský jazyk	5	108	1	1	1	1	1	1	1	0.0	0.0
408	10.0	6.0	3.0	2.0	1.0	1.0	2.0	454	ruský a francouzský jazyk	1	109	2	4	4	3	4	3	4	0.0	0.0
409	9.0	3.0	2.0	0.0	0.0	1.0	0.0	455	ruský a francouzský jazyk	2	109	2	4	4	3	4	3	4	0.0	0.0
410	3.0	10.0	4.0	1.0	0.0	0.0	0.0	456	ruský a francouzský jazyk	3	109	2	4	4	3	4	3	4	0.0	0.0
411	5.0	9.0	7.0	1.0	0.0	0.0	1.0	457	ruský a francouzský jazyk	4	109	2	4	4	3	4	3	4	0.0	0.0
412	8.0	4.0	1.0	2.0	0.0	0.0	0.0	458	ruský a francouzský jazyk	5	109	2	4	4	3	4	3	4	0.0	0.0
413	5.0	11.0	4.0	8.0	3.0	1.0	1.0	459	německý jazyk	1	110	1	1	2	1	2	2	1	0.0	0.0
414	10.0	0.0	2.0	3.0	0.0	0.0	3.0	460	německý jazyk	2	110	1	1	2	1	2	2	1	0.0	0.0
415	24.0	3.0	0.0	6.0	1.0	0.0	0.0	461	německý jazyk	3	110	1	1	2	1	2	2	1	0.0	1.0
416	6.0	3.0	0.0	1.0	1.0	0.0	0.0	462	český jazyk	4	110	1	1	2	1	2	2	1	0.0	0.0
417	4.0	11.0	0.0	1.0	2.0	0.0	0.0	463	český jazyk	5	110	1	1	2	1	2	2	1	0.0	0.0
418	7.0	5.0	0.0	7.0	0.0	0.0	0.0	464	anglický jazyk	1	111	1	2	2	3	1	1	3	0.0	0.0
419	13.0	7.0	4.0	5.0	7.0	1.0	0.0	465	anglický jazyk	3	111	1	2	2	3	1	1	3	0.0	0.0
420	3.0	13.0	8.0	2.0	3.0	1.0	1.0	467	anglický jazyk	5	111	1	2	2	3	1	1	3	0.0	0.0
421	16.0	2.0	2.0	3.0	1.0	0.0	1.0	468	výtvarná výchova a vizuální tvorba	1	112	1	1	2	3	2	2	2	1.0	0.0
422	15.0	2.0	2.0	1.0	0.0	0.0	2.0	469	výtvarná výchova a vizuální tvorba	2	112	1	1	2	3	2	2	2	0.0	0.0
423	13.0	7.0	4.0	1.0	3.0	1.0	0.0	470	výtvarná výchova a vizuální tvorba	3	112	1	1	2	3	2	2	2	1.0	0.0
424	4.0	0.0	1.0	1.0	0.0	1.0	0.0	471	výtvarná výchova a vizuální tvorba	4	112	1	1	2	3	2	2	2	0.0	0.0
425	7.0	4.0	5.0	1.0	2.0	3.0	0.0	472	výtvarná výchova a vizuální tvorba	5	112	1	1	2	3	2	2	2	2.0	0.0
426	8.0	0.0	7.0	5.0	2.0	1.0	1.0	473	občanská výchova	1	113	1	1	1	2	1	2	1	0.0	1.0
427	13.0	1.0	4.0	6.0	0.0	0.0	0.0	474	občanská výchova	2	113	1	1	1	2	1	2	1	1.0	1.0
428	0.0	1.0	1.0	2.0	9.0	1.0	0.0	475	občanská výchova	3	113	1	1	1	2	1	2	1	0.0	1.0
429	4.0	1.0	3.0	1.0	1.0	0.0	1.0	476	historie a křesťanská výchova	4	113	1	1	1	2	1	2	1	0.0	0.0
430	2.0	0.0	0.0	1.0	5.0	0.0	2.0	477	historie a křesťanská výchova	5	113	1	1	1	2	1	2	1	1.0	0.0
431	1.0	5.0	1.0	7.0	6.0	1.0	0.0	479	český jazyk	3	114	1	2	2	2	2	3	1	1.0	0.0
432	0.0	4.0	4.0	3.0	1.0	0.0	0.0	480	český jazyk	4	114	1	2	2	2	2	3	1	2.0	0.0
433	2.0	4.0	5.0	1.0	4.0	0.0	3.0	481	český jazyk	5	114	1	2	2	2	2	3	1	1.0	1.0
434	11.0	5.0	0.0	1.0	1.0	0.0	1.0	482	geografie	1	115	1	1	1	1	-1	2	2	1.0	0.0
435	3.0	3.0	5.0	2.0	1.0	1.0	0.0	483	geografie	2	115	1	1	1	1	-1	2	2	1.0	0.0
436	2.0	3.0	6.0	0.0	3.0	0.0	0.0	484	geografie	3	115	1	1	1	1	-1	2	2	3.0	0.0
437	1.0	1.0	3.0	4.0	2.0	0.0	3.0	486	zeměpis	5	115	1	1	1	1	-1	2	2	0.0	1.0
438	6.0	7.0	3.0	3.0	1.0	0.0	2.0	487	biologie	1	116	1	2	1	1	1	2	2	0.0	0.0
439	9.0	3.0	1.0	2.0	1.0	0.0	0.0	488	biologie	2	116	1	2	1	1	1	2	2	0.0	1.0
440	2.0	6.0	4.0	3.0	2.0	2.0	0.0	489	biologie	3	116	1	2	1	1	1	2	2	0.0	0.0
441	4.0	7.0	1.0	0.0	1.0	1.0	0.0	491	občanská výchova a výchova ke zdraví	5	116	1	2	1	1	1	2	2	0.0	0.0
442	6.0	3.0	3.0	4.0	1.0	0.0	0.0	492	občanská výchova a výchova ke zdraví	1	117	1	1	2	1	2	1	1	0.0	0.0
443	7.0	7.0	4.0	2.0	2.0	0.0	0.0	493	občanská výchova a výchova ke zdraví	2	117	1	1	2	1	2	1	1	0.0	0.0
444	2.0	8.0	3.0	2.0	0.0	0.0	0.0	494	občanská výchova a výchova ke zdraví	3	117	1	1	2	1	2	1	1	0.0	0.0
445	6.0	1.0	0.0	1.0	0.0	0.0	0.0	495	občanská výchova a výchova ke zdraví	4	117	1	1	2	1	2	1	1	0.0	1.0
446	5.0	3.0	0.0	1.0	3.0	0.0	1.0	496	občanská výchova a výchova ke zdraví	5	117	1	1	2	1	2	1	1	1.0	0.0
447	6.0	3.0	6.0	5.0	4.0	0.0	4.0	497	německý jazyk	1	118	1	1	1	1	1	1	1	1.0	0.0
448	12.0	3.0	5.0	9.0	3.0	1.0	2.0	498	německý jazyk	2	118	1	1	1	1	1	1	1	0.0	1.0
449	4.0	6.0	3.0	7.0	12.0	0.0	1.0	499	německý jazyk	3	118	1	1	1	1	1	1	1	0.0	0.0
450	12.0	3.0	10.0	2.0	0.0	2.0	1.0	500	německý jazyk	4	118	1	1	1	1	1	1	1	0.0	0.0
451	6.0	8.0	11.0	5.0	5.0	2.0	0.0	501	německý jazyk	5	118	1	1	1	1	1	1	1	3.0	0.0
452	3.0	5.0	6.0	11.0	1.0	2.0	1.0	502	anglický jazyk	1	119	1	1	2	2	-1	1	2	0.0	1.0
453	0.0	8.0	10.0	3.0	1.0	1.0	0.0	503	anglický jazyk	2	119	1	1	2	2	-1	1	2	3.0	1.0
454	3.0	4.0	14.0	2.0	0.0	1.0	0.0	504	anglický jazyk	3	119	1	1	2	2	-1	1	2	2.0	0.0
455	5.0	6.0	12.0	4.0	2.0	1.0	2.0	505	historie a křesťanská výchova	4	119	1	1	2	2	-1	1	2	2.0	0.0
456	15.0	1.0	0.0	4.0	1.0	1.0	0.0	507	matematika	1	120	4	4	5	4	4	4	4	0.0	0.0
457	9.0	4.0	1.0	4.0	3.0	0.0	2.0	508	matematika	2	120	4	4	5	4	4	4	4	0.0	0.0
458	2.0	3.0	0.0	2.0	4.0	1.0	1.0	509	matematika	3	120	4	4	5	4	4	4	4	0.0	0.0
459	8.0	3.0	2.0	1.0	1.0	1.0	0.0	510	zeměpis	4	120	4	4	5	4	4	4	4	0.0	0.0
460	8.0	2.0	1.0	6.0	4.0	0.0	1.0	511	zeměpis	5	120	4	4	5	4	4	4	4	0.0	0.0
461	5.0	10.0	4.0	1.0	0.0	0.0	0.0	512	anglický jazyk	1	121	1	2	1	1	1	2	1	0.0	0.0
462	3.0	13.0	3.0	1.0	4.0	0.0	0.0	513	anglický jazyk	2	121	1	2	1	1	1	2	1	1.0	0.0
463	6.0	10.0	4.0	2.0	4.0	0.0	0.0	514	anglický jazyk	3	121	1	2	1	1	1	2	1	1.0	0.0
464	4.0	6.0	4.0	2.0	3.0	0.0	0.0	516	německý jazyk	5	121	1	2	1	1	1	2	1	2.0	0.0
465	22.0	5.0	5.0	8.0	0.0	0.0	1.0	517	občanská výchova	1	122	1	1	2	2	2	2	2	0.0	0.0
466	6.0	6.0	1.0	14.0	2.0	0.0	1.0	518	občanská výchova	2	122	1	1	2	2	2	2	2	0.0	1.0
467	14.0	4.0	4.0	8.0	1.0	1.0	0.0	519	občanská výchova	3	122	1	1	2	2	2	2	2	0.0	0.0
468	13.0	1.0	4.0	4.0	0.0	1.0	2.0	520	matematika	4	122	1	1	2	2	2	2	2	1.0	0.0
469	1.0	4.0	0.0	9.0	2.0	5.0	2.0	521	matematika	5	122	1	1	2	2	2	2	2	1.0	0.0
470	18.0	3.0	7.0	5.0	0.0	0.0	0.0	522	český jazyk	1	123	1	1	1	1	1	1	1	0.0	0.0
471	23.0	5.0	3.0	1.0	0.0	1.0	0.0	523	český jazyk	2	123	1	1	1	1	1	1	1	0.0	0.0
472	9.0	9.0	5.0	5.0	4.0	0.0	0.0	524	český jazyk	3	123	1	1	1	1	1	1	1	1.0	0.0
473	17.0	13.0	6.0	2.0	1.0	0.0	0.0	525	český jazyk	4	123	1	1	1	1	1	1	1	0.0	0.0
474	18.0	5.0	8.0	3.0	1.0	0.0	0.0	526	český jazyk	5	123	1	1	1	1	1	1	1	0.0	0.0
475	27.0	5.0	10.0	6.0	1.0	0.0	2.0	527	občanská výchova	1	124	1	1	1	1	-1	1	1	0.0	0.0
476	4.0	7.0	16.0	5.0	7.0	2.0	0.0	528	občanská výchova	2	124	1	1	1	1	-1	1	1	2.0	0.0
477	2.0	13.0	4.0	1.0	5.0	1.0	1.0	529	občanská výchova	3	124	1	1	1	1	-1	1	1	0.0	0.0
478	17.0	1.0	6.0	0.0	1.0	2.0	0.0	530	občanská výchova a výchova ke zdraví	4	124	1	1	1	1	-1	1	1	1.0	0.0
479	2.0	4.0	2.0	3.0	3.0	0.0	0.0	531	občanská výchova a výchova ke zdraví	5	124	1	1	1	1	-1	1	1	1.0	1.0
480	8.0	6.0	4.0	1.0	0.0	1.0	0.0	532	historie a křesťanská výchova	1	125	1	1	1	2	1	2	1	0.0	0.0
481	6.0	9.0	3.0	0.0	2.0	0.0	0.0	533	historie a křesťanská výchova	2	125	1	1	1	2	1	2	1	1.0	0.0
482	7.0	10.0	9.0	1.0	1.0	0.0	0.0	534	historie a křesťanská výchova	3	125	1	1	1	2	1	2	1	0.0	0.0
483	15.0	10.0	2.0	3.0	0.0	0.0	0.0	535	historie a křesťanská výchova	4	125	1	1	1	2	1	2	1	0.0	0.0
484	7.0	5.0	7.0	3.0	1.0	0.0	0.0	536	historie a křesťanská výchova	5	125	1	1	1	2	1	2	1	0.0	0.0
485	0.0	6.0	12.0	1.0	1.0	1.0	0.0	537	anglický jazyk	1	126	1	1	1	1	1	2	1	0.0	1.0
486	8.0	2.0	7.0	9.0	1.0	0.0	2.0	538	anglický jazyk	2	126	1	1	1	1	1	2	1	0.0	1.0
487	15.0	1.0	6.0	2.0	1.0	0.0	2.0	539	anglický jazyk	3	126	1	1	1	1	1	2	1	4.0	1.0
488	7.0	6.0	8.0	3.0	5.0	0.0	0.0	540	anglický jazyk	4	126	1	1	1	1	1	2	1	0.0	0.0
489	5.0	6.0	10.0	8.0	5.0	0.0	1.0	541	anglický jazyk	5	126	1	1	1	1	1	2	1	6.0	0.0
490	11.0	2.0	3.0	3.0	0.0	0.0	1.0	542	německý jazyk	5	127	-1	-1	-1	-1	-1	-1	-1	0.0	0.0
491	22.0	8.0	4.0	10.0	4.0	0.0	4.0	543	anglický jazyk	1	128	1	1	1	1	-1	1	1	2.0	0.0
492	19.0	12.0	5.0	12.0	3.0	0.0	0.0	544	anglický jazyk	2	128	1	1	1	1	-1	1	1	0.0	0.0
493	8.0	9.0	7.0	8.0	3.0	0.0	3.0	545	anglický jazyk	3	128	1	1	1	1	-1	1	1	2.0	0.0
494	19.0	3.0	2.0	5.0	0.0	0.0	0.0	546	anglický jazyk	4	128	1	1	1	1	-1	1	1	1.0	0.0
495	9.0	10.0	2.0	6.0	4.0	0.0	1.0	547	anglický jazyk	5	128	1	1	1	1	-1	1	1	1.0	0.0
496	18.0	7.0	6.0	3.0	0.0	0.0	1.0	548	výtvarná výchova a vizuální tvorba	1	129	1	1	1	1	1	2	1	1.0	4.0
497	9.0	2.0	1.0	6.0	2.0	0.0	1.0	549	výtvarná výchova a vizuální tvorba	2	129	1	1	1	1	1	2	1	1.0	2.0
498	2.0	5.0	3.0	3.0	3.0	2.0	1.0	550	výtvarná výchova a vizuální tvorba	3	129	1	1	1	1	1	2	1	1.0	1.0
499	15.0	17.0	3.0	0.0	1.0	1.0	7.0	551	výtvarná výchova a vizuální tvorba	4	129	1	1	1	1	1	2	1	0.0	0.0
500	6.0	5.0	2.0	4.0	0.0	1.0	1.0	552	výtvarná výchova a vizuální tvorba	5	129	1	1	1	1	1	2	1	3.0	0.0
501	8.0	11.0	3.0	3.0	0.0	0.0	0.0	553	anglický jazyk	1	130	1	2	2	2	1	2	2	0.0	0.0
502	5.0	14.0	6.0	4.0	0.0	0.0	0.0	554	anglický jazyk	2	130	1	2	2	2	1	2	2	1.0	1.0
503	5.0	10.0	1.0	5.0	0.0	0.0	0.0	555	anglický jazyk	3	130	1	2	2	2	1	2	2	0.0	0.0
504	16.0	4.0	8.0	3.0	1.0	0.0	0.0	556	zeměpis	4	130	1	2	2	2	1	2	2	0.0	0.0
505	5.0	10.0	6.0	8.0	2.0	0.0	0.0	557	zeměpis	5	130	1	2	2	2	1	2	2	0.0	0.0
506	4.0	10.0	5.0	4.0	1.0	0.0	1.0	558	biologie	1	131	1	1	1	2	2	1	1	0.0	0.0
507	9.0	5.0	2.0	2.0	1.0	1.0	0.0	559	biologie	2	131	1	1	1	2	2	1	1	1.0	0.0
508	0.0	5.0	4.0	7.0	2.0	0.0	0.0	560	biologie	3	131	1	1	1	2	2	1	1	1.0	0.0
509	24.0	3.0	4.0	2.0	3.0	0.0	0.0	563	fyzika, chemie a technická výchova	1	132	1	1	1	1	1	2	1	0.0	0.0
510	11.0	7.0	2.0	5.0	3.0	0.0	1.0	564	fyzika, chemie a technická výchova	2	132	1	1	1	1	1	2	1	0.0	1.0
511	4.0	6.0	0.0	2.0	0.0	0.0	2.0	565	fyzika, chemie a technická výchova	3	132	1	1	1	1	1	2	1	0.0	1.0
512	26.0	5.0	2.0	1.0	0.0	0.0	0.0	566	fyzika, chemie a technická výchova	4	132	1	1	1	1	1	2	1	0.0	0.0
513	40.0	22.0	28.0	2.0	2.0	0.0	0.0	569	speciální pedagogika	2	133	1	1	1	1	2	1	3	0.0	0.0
514	10.0	1.0	9.0	2.0	5.0	1.0	0.0	570	speciální pedagogika	3	133	1	1	1	1	2	1	3	0.0	1.0
515	1.0	10.0	4.0	6.0	0.0	0.0	0.0	571	biologie	1	134	1	1	1	1	1	1	1	0.0	0.0
516	5.0	5.0	4.0	4.0	1.0	1.0	0.0	572	biologie	2	134	1	1	1	1	1	1	1	0.0	1.0
517	3.0	5.0	4.0	2.0	1.0	1.0	2.0	573	biologie	3	134	1	1	1	1	1	1	1	1.0	0.0
518	0.0	8.0	7.0	1.0	0.0	1.0	0.0	574	biologie	4	134	1	1	1	1	1	1	1	0.0	0.0
519	3.0	4.0	2.0	0.0	3.0	0.0	0.0	575	biologie	5	134	1	1	1	1	1	1	1	0.0	0.0
520	5.0	1.0	5.0	4.0	0.0	0.0	1.0	578	biologie	3	135	1	1	1	2	1	2	1	0.0	1.0
521	18.0	3.0	6.0	1.0	0.0	0.0	0.0	581	občanská výchova	1	136	1	1	1	1	1	2	1	0.0	0.0
522	7.0	3.0	4.0	2.0	0.0	0.0	0.0	582	občanská výchova	2	136	1	1	1	1	1	2	1	0.0	0.0
523	0.0	5.0	4.0	1.0	3.0	1.0	0.0	583	občanská výchova	3	136	1	1	1	1	1	2	1	0.0	0.0
524	3.0	2.0	4.0	1.0	1.0	0.0	0.0	585	občanská výchova a výchova ke zdraví	5	136	1	1	1	1	1	2	1	0.0	0.0
525	17.0	9.0	6.0	4.0	0.0	0.0	0.0	587	geografie	2	137	2	2	2	2	2	3	3	0.0	0.0
526	4.0	13.0	2.0	1.0	1.0	1.0	4.0	588	geografie	3	137	2	2	2	2	2	3	3	1.0	0.0
527	8.0	1.0	1.0	0.0	1.0	0.0	0.0	590	zeměpis	5	137	2	2	2	2	2	3	3	0.0	0.0
528	16.0	2.0	3.0	3.0	0.0	1.0	0.0	591	biologie	1	138	1	1	1	2	1	1	1	0.0	0.0
529	8.0	6.0	6.0	2.0	0.0	2.0	0.0	592	biologie	2	138	1	1	1	2	1	1	1	0.0	0.0
530	9.0	2.0	0.0	10.0	0.0	0.0	4.0	593	biologie	3	138	1	1	1	2	1	1	1	0.0	1.0
531	6.0	2.0	1.0	3.0	0.0	2.0	0.0	594	biologie	4	138	1	1	1	2	1	1	1	0.0	1.0
532	7.0	6.0	8.0	2.0	0.0	0.0	0.0	595	občanská výchova	1	139	1	2	2	1	2	1	3	1.0	0.0
533	6.0	2.0	0.0	0.0	0.0	0.0	0.0	596	občanská výchova	2	139	1	2	2	1	2	1	3	0.0	0.0
534	4.0	7.0	1.0	1.0	0.0	0.0	0.0	599	občanská výchova a výchova ke zdraví	5	139	1	2	2	1	2	1	3	0.0	0.0
535	16.0	12.0	3.0	2.0	0.0	2.0	0.0	600	geografie	1	140	1	2	3	2	2	1	2	0.0	0.0
536	5.0	10.0	4.0	1.0	0.0	0.0	0.0	601	geografie	2	140	1	2	3	2	2	1	2	0.0	0.0
537	5.0	3.0	3.0	6.0	1.0	0.0	1.0	602	geografie	3	140	1	2	3	2	2	1	2	0.0	0.0
538	9.0	4.0	6.0	7.0	1.0	1.0	0.0	603	zeměpis	4	140	1	2	3	2	2	1	2	0.0	1.0
539	11.0	8.0	2.0	4.0	1.0	1.0	1.0	604	zeměpis	5	140	1	2	3	2	2	1	2	1.0	0.0
540	4.0	7.0	9.0	9.0	1.0	0.0	0.0	605	biologie	1	141	1	2	1	2	1	2	1	0.0	0.0
541	7.0	9.0	6.0	6.0	0.0	0.0	0.0	606	biologie	2	141	1	2	1	2	1	2	1	0.0	0.0
542	3.0	12.0	2.0	5.0	0.0	0.0	0.0	607	biologie	3	141	1	2	1	2	1	2	1	1.0	0.0
543	12.0	1.0	2.0	1.0	0.0	0.0	0.0	608	biologie	4	141	1	2	1	2	1	2	1	0.0	1.0
544	3.0	8.0	2.0	2.0	1.0	3.0	0.0	609	biologie	5	141	1	2	1	2	1	2	1	0.0	0.0
545	3.0	3.0	9.0	3.0	1.0	0.0	2.0	610	anglický jazyk	1	142	1	1	2	2	-1	3	2	1.0	0.0
546	14.0	5.0	3.0	4.0	5.0	3.0	3.0	611	anglický jazyk	2	142	1	1	2	2	-1	3	2	0.0	2.0
547	10.0	8.0	4.0	0.0	1.0	0.0	0.0	612	anglický jazyk	3	142	1	1	2	2	-1	3	2	0.0	1.0
548	12.0	8.0	11.0	5.0	0.0	1.0	1.0	613	německý jazyk	4	142	1	1	2	2	-1	3	2	1.0	2.0
549	6.0	7.0	4.0	9.0	0.0	0.0	5.0	614	německý jazyk	5	142	1	1	2	2	-1	3	2	1.0	0.0
550	7.0	4.0	15.0	10.0	3.0	1.0	2.0	615	český jazyk	1	143	1	1	1	1	2	3	1	0.0	1.0
551	2.0	1.0	2.0	8.0	3.0	0.0	1.0	616	český jazyk	2	143	1	1	1	1	2	3	1	0.0	1.0
552	2.0	7.0	6.0	5.0	3.0	3.0	1.0	617	český jazyk	3	143	1	1	1	1	2	3	1	0.0	0.0
553	13.0	4.0	3.0	3.0	1.0	0.0	2.0	618	historie a křesťanská výchova	4	143	1	1	1	1	2	3	1	0.0	0.0
554	2.0	7.0	6.0	5.0	3.0	3.0	1.0	619	historie a křesťanská výchova	5	143	1	1	1	1	2	3	1	0.0	0.0
555	4.0	13.0	1.0	0.0	2.0	0.0	0.0	622	výtvarná výchova a vizuální tvorba	3	144	2	1	1	2	3	2	3	0.0	0.0
556	16.0	3.0	1.0	2.0	2.0	0.0	0.0	623	anglický jazyk	4	145	-1	-1	-1	-1	-1	-1	-1	0.0	0.0
557	22.0	9.0	0.0	3.0	0.0	0.0	1.0	624	anglický jazyk	5	145	-1	-1	-1	-1	-1	-1	-1	0.0	1.0
558	1.0	11.0	4.0	2.0	0.0	0.0	0.0	625	geografie	1	146	1	1	2	1	1	2	2	0.0	0.0
559	2.0	8.0	4.0	1.0	0.0	0.0	0.0	626	geografie	2	146	1	1	2	1	1	2	2	0.0	0.0
560	6.0	5.0	6.0	1.0	0.0	0.0	1.0	627	geografie	3	146	1	1	2	1	1	2	2	0.0	0.0
561	17.0	0.0	1.0	0.0	0.0	0.0	0.0	628	zeměpis	4	146	1	1	2	1	1	2	2	1.0	0.0
562	9.0	5.0	2.0	1.0	3.0	0.0	1.0	629	zeměpis	5	146	1	1	2	1	1	2	2	0.0	0.0
563	14.0	6.0	2.0	3.0	0.0	0.0	0.0	630	český jazyk	1	147	1	1	1	1	1	1	1	0.0	0.0
564	7.0	4.0	3.0	2.0	0.0	0.0	0.0	631	český jazyk	2	147	1	1	1	1	1	1	1	0.0	1.0
565	1.0	6.0	2.0	1.0	1.0	1.0	0.0	632	český jazyk	3	147	1	1	1	1	1	1	1	0.0	0.0
566	5.0	9.0	7.0	1.0	0.0	0.0	1.0	633	český jazyk	4	147	1	1	1	1	1	1	1	0.0	0.0
567	12.0	7.0	1.0	0.0	0.0	0.0	1.0	634	český jazyk	5	147	1	1	1	1	1	1	1	0.0	0.0
568	19.0	0.0	0.0	14.0	3.0	1.0	2.0	636	anglický jazyk	2	148	1	1	1	1	-1	2	1	0.0	0.0
569	6.0	9.0	7.0	8.0	0.0	1.0	1.0	637	anglický jazyk	3	148	1	1	1	1	-1	2	1	3.0	1.0
570	18.0	4.0	7.0	16.0	1.0	1.0	5.0	638	matematika	4	148	1	1	1	1	-1	2	1	0.0	0.0
571	13.0	14.0	4.0	6.0	0.0	0.0	4.0	639	matematika	5	148	1	1	1	1	-1	2	1	1.0	0.0
572	7.0	13.0	3.0	2.0	5.0	5.0	0.0	642	matematika	3	149	1	1	2	1	1	2	2	0.0	0.0
573	8.0	14.0	1.0	0.0	4.0	0.0	0.0	644	občanská výchova a výchova ke zdraví	5	149	1	1	2	1	1	2	2	0.0	0.0
574	13.0	9.0	11.0	10.0	4.0	0.0	0.0	646	český jazyk	2	150	1	1	1	1	-1	1	1	0.0	0.0
575	9.0	12.0	3.0	5.0	2.0	4.0	1.0	647	český jazyk	3	150	1	1	1	1	-1	1	1	0.0	1.0
576	13.0	9.0	16.0	4.0	3.0	0.0	3.0	648	český jazyk	4	150	1	1	1	1	-1	1	1	0.0	0.0
577	16.0	13.0	7.0	5.0	4.0	2.0	1.0	649	český jazyk	5	150	1	1	1	1	-1	1	1	1.0	0.0
578	9.0	5.0	4.0	6.0	0.0	0.0	0.0	650	hudební výchova	1	151	1	2	1	2	-1	2	3	1.0	0.0
579	9.0	16.0	1.0	3.0	0.0	4.0	0.0	651	hudební výchova	2	151	1	2	1	2	-1	2	3	0.0	0.0
580	9.0	9.0	8.0	6.0	0.0	0.0	0.0	652	hudební výchova	3	151	1	2	1	2	-1	2	3	0.0	2.0
581	10.0	3.0	5.0	2.0	0.0	0.0	1.0	653	český jazyk	4	151	1	2	1	2	-1	2	3	1.0	0.0
582	5.0	7.0	8.0	4.0	4.0	3.0	1.0	654	český jazyk	5	151	1	2	1	2	-1	2	3	0.0	0.0
583	2.0	11.0	12.0	2.0	0.0	2.0	2.0	655	speciální pedagogika	1	152	1	1	1	1	-1	1	1	0.0	1.0
584	7.0	9.0	5.0	4.0	1.0	0.0	2.0	656	speciální pedagogika	2	152	1	1	1	1	-1	1	1	1.0	0.0
585	4.0	8.0	4.0	4.0	1.0	1.0	1.0	657	speciální pedagogika	3	152	1	1	1	1	-1	1	1	0.0	2.0
586	7.0	10.0	9.0	4.0	2.0	2.0	1.0	658	německý jazyk	4	152	1	1	1	1	-1	1	1	0.0	0.0
587	6.0	7.0	4.0	9.0	0.0	0.0	5.0	659	německý jazyk	5	152	1	1	1	1	-1	1	1	1.0	0.0
588	6.0	4.0	5.0	2.0	1.0	1.0	0.0	660	německý jazyk	1	153	1	1	2	2	-1	3	2	0.0	0.0
589	8.0	9.0	2.0	3.0	0.0	3.0	0.0	661	německý jazyk	2	153	1	1	2	2	-1	3	2	1.0	1.0
590	3.0	9.0	3.0	1.0	0.0	1.0	0.0	662	německý jazyk	3	153	1	1	2	2	-1	3	2	0.0	0.0
591	11.0	10.0	2.0	0.0	0.0	0.0	0.0	663	český jazyk	4	153	1	1	2	2	-1	3	2	0.0	0.0
592	9.0	3.0	2.0	5.0	0.0	0.0	0.0	664	český jazyk	5	153	1	1	2	2	-1	3	2	0.0	0.0
593	26.0	7.0	9.0	3.0	1.0	0.0	0.0	665	historie a křesťanská výchova	1	154	1	2	2	2	2	3	1	0.0	0.0
594	19.0	2.0	1.0	0.0	1.0	0.0	1.0	666	historie a křesťanská výchova	2	154	1	2	2	2	2	3	1	0.0	0.0
595	12.0	11.0	6.0	1.0	1.0	1.0	0.0	667	historie a křesťanská výchova	3	154	1	2	2	2	2	3	1	0.0	1.0
596	21.0	21.0	7.0	3.0	2.0	1.0	0.0	672	fyzika, chemie a technická výchova	3	155	1	1	2	1	1	2	1	0.0	1.0
597	9.0	8.0	5.0	1.0	1.0	1.0	0.0	673	fyzika, chemie a technická výchova	4	155	1	1	2	1	1	2	1	0.0	0.0
598	10.0	9.0	5.0	4.0	1.0	0.0	1.0	674	fyzika, chemie a technická výchova	5	155	1	1	2	1	1	2	1	0.0	0.0
599	11.0	2.0	9.0	5.0	2.0	0.0	2.0	675	český jazyk	1	156	1	1	3	2	2	2	2	0.0	0.0
600	14.0	2.0	2.0	0.0	0.0	0.0	3.0	676	český jazyk	2	156	1	1	3	2	2	2	2	2.0	0.0
601	2.0	6.0	11.0	3.0	3.0	2.0	1.0	677	český jazyk	3	156	1	1	3	2	2	2	2	2.0	0.0
602	9.0	6.0	7.0	3.0	6.0	1.0	1.0	678	anglický jazyk	4	156	1	1	3	2	2	2	2	0.0	0.0
603	8.0	4.0	3.0	0.0	1.0	0.0	8.0	679	anglický jazyk	5	156	1	1	3	2	2	2	2	4.0	0.0
604	39.0	29.0	28.0	13.0	2.0	0.0	6.0	680	speciální pedagogika	1	157	1	1	1	1	1	1	1	2.0	2.0
605	15.0	9.0	15.0	2.0	2.0	1.0	0.0	681	speciální pedagogika	2	157	1	1	1	1	1	1	1	0.0	1.0
606	20.0	14.0	2.0	10.0	2.0	1.0	0.0	682	speciální pedagogika	3	157	1	1	1	1	1	1	1	0.0	1.0
607	5.0	9.0	5.0	4.0	1.0	1.0	1.0	683	speciální pedagogika a hudební výchova	4	157	1	1	1	1	1	1	1	0.0	0.0
608	9.0	9.0	4.0	4.0	4.0	1.0	0.0	684	speciální pedagogika a hudební výchova	5	157	1	1	1	1	1	1	1	0.0	0.0
609	15.0	5.0	1.0	9.0	0.0	0.0	0.0	685	hudební výchova	1	158	1	1	1	1	1	1	1	0.0	0.0
610	9.0	7.0	1.0	2.0	0.0	1.0	0.0	686	hudební výchova	2	158	1	1	1	1	1	1	1	0.0	0.0
611	8.0	18.0	2.0	1.0	0.0	2.0	0.0	687	hudební výchova	3	158	1	1	1	1	1	1	1	0.0	1.0
612	3.0	6.0	3.0	1.0	0.0	3.0	0.0	688	občanská výchova a výchova ke zdraví	4	158	1	1	1	1	1	1	1	0.0	0.0
613	4.0	15.0	5.0	1.0	0.0	3.0	0.0	689	občanská výchova a výchova ke zdraví	5	158	1	1	1	1	1	1	1	1.0	0.0
614	11.0	4.0	0.0	5.0	1.0	0.0	0.0	690	výtvarná výchova a vizuální tvorba	1	159	1	2	2	3	2	3	3	0.0	0.0
615	6.0	5.0	3.0	3.0	0.0	1.0	0.0	691	výtvarná výchova a vizuální tvorba	2	159	1	2	2	3	2	3	3	0.0	0.0
616	9.0	3.0	6.0	6.0	0.0	0.0	1.0	692	výtvarná výchova a vizuální tvorba	3	159	1	2	2	3	2	3	3	0.0	0.0
617	10.0	3.0	3.0	2.0	0.0	0.0	0.0	693	výtvarná výchova a vizuální tvorba	4	159	1	2	2	3	2	3	3	0.0	0.0
618	4.0	8.0	0.0	3.0	3.0	1.0	1.0	694	výtvarná výchova a vizuální tvorba	5	159	1	2	2	3	2	3	3	0.0	0.0
619	4.0	8.0	5.0	13.0	5.0	0.0	3.0	695	speciální pedagogika	1	160	1	1	1	1	1	1	1	2.0	0.0
620	2.0	7.0	5.0	2.0	2.0	0.0	1.0	696	speciální pedagogika	2	160	1	1	1	1	1	1	1	0.0	0.0
621	3.0	1.0	2.0	6.0	0.0	2.0	1.0	697	speciální pedagogika	3	160	1	1	1	1	1	1	1	0.0	0.0
622	13.0	4.0	4.0	5.0	0.0	2.0	1.0	698	speciální pedagogika a hudební výchova	4	160	1	1	1	1	1	1	1	0.0	1.0
623	8.0	5.0	2.0	2.0	0.0	1.0	1.0	699	speciální pedagogika a hudební výchova	5	160	1	1	1	1	1	1	1	0.0	0.0
624	4.0	7.0	3.0	1.0	1.0	0.0	2.0	700	občanská výchova	1	161	1	1	2	3	3	2	1	2.0	0.0
625	6.0	5.0	6.0	4.0	1.0	0.0	0.0	701	občanská výchova	2	161	1	1	2	3	3	2	1	1.0	0.0
626	6.0	8.0	6.0	5.0	4.0	0.0	0.0	702	občanská výchova	3	161	1	1	2	3	3	2	1	1.0	0.0
627	6.0	5.0	6.0	4.0	1.0	0.0	0.0	704	matematika	5	161	1	1	2	3	3	2	1	1.0	0.0
628	4.0	12.0	0.0	2.0	1.0	1.0	0.0	709	odborné předměty	5	162	1	1	1	1	1	1	1	0.0	0.0
629	10.0	1.0	9.0	5.0	0.0	0.0	4.0	710	anglický jazyk	1	163	1	1	1	1	-1	1	1	0.0	0.0
630	2.0	8.0	6.0	11.0	4.0	0.0	1.0	711	anglický jazyk	2	163	1	1	1	1	-1	1	1	0.0	0.0
631	4.0	2.0	17.0	5.0	3.0	0.0	1.0	712	anglický jazyk	3	163	1	1	1	1	-1	1	1	1.0	0.0
632	10.0	3.0	5.0	4.0	0.0	0.0	2.0	713	speciální pedagogika a hudební výchova	4	163	1	1	1	1	-1	1	1	0.0	0.0
633	9.0	5.0	3.0	6.0	3.0	0.0	0.0	714	speciální pedagogika a hudební výchova	5	163	1	1	1	1	-1	1	1	1.0	0.0
634	20.0	13.0	9.0	24.0	0.0	4.0	1.0	715	biologie	1	164	1	1	1	1	1	1	1	0.0	0.0
635	1.0	3.0	11.0	15.0	0.0	0.0	0.0	716	biologie	2	164	1	1	1	1	1	1	1	0.0	0.0
636	12.0	2.0	1.0	3.0	1.0	0.0	0.0	717	biologie	3	164	1	1	1	1	1	1	1	0.0	0.0
637	2.0	13.0	7.0	3.0	0.0	0.0	0.0	718	občanská výchova a výchova ke zdraví	4	164	1	1	1	1	1	1	1	0.0	0.0
638	4.0	4.0	5.0	2.0	1.0	0.0	1.0	719	občanská výchova a výchova ke zdraví	5	164	1	1	1	1	1	1	1	0.0	0.0
639	7.0	0.0	0.0	6.0	0.0	0.0	5.0	720	německý jazyk	1	165	2	1	1	2	-1	2	2	0.0	1.0
640	5.0	3.0	3.0	5.0	4.0	0.0	0.0	721	německý jazyk	2	165	2	1	1	2	-1	2	2	0.0	1.0
641	5.0	1.0	1.0	6.0	1.0	1.0	0.0	722	německý jazyk	3	165	2	1	1	2	-1	2	2	1.0	1.0
642	4.0	5.0	1.0	3.0	0.0	0.0	2.0	723	německý jazyk	4	165	2	1	1	2	-1	2	2	1.0	0.0
643	8.0	5.0	0.0	5.0	0.0	0.0	1.0	724	německý jazyk	5	165	2	1	1	2	-1	2	2	0.0	0.0
644	7.0	1.0	4.0	11.0	2.0	1.0	1.0	725	český jazyk	1	166	1	1	1	1	1	1	1	0.0	0.0
645	6.0	2.0	6.0	11.0	2.0	2.0	0.0	726	český jazyk	2	166	1	1	1	1	1	1	1	1.0	1.0
646	5.0	11.0	8.0	5.0	4.0	1.0	0.0	727	český jazyk	3	166	1	1	1	1	1	1	1	0.0	0.0
647	30.0	2.0	5.0	14.0	2.0	0.0	1.0	728	historie a křesťanská výchova	4	166	1	1	1	1	1	1	1	0.0	0.0
648	4.0	13.0	4.0	6.0	1.0	0.0	0.0	729	historie a křesťanská výchova	5	166	1	1	1	1	1	1	1	0.0	0.0
649	1.0	4.0	19.0	1.0	5.0	0.0	1.0	730	český jazyk	1	167	1	1	1	1	-1	2	1	1.0	0.0
650	5.0	11.0	12.0	4.0	2.0	0.0	0.0	731	český jazyk	2	167	1	1	1	1	-1	2	1	0.0	0.0
651	2.0	11.0	9.0	3.0	8.0	0.0	0.0	732	český jazyk	3	167	1	1	1	1	-1	2	1	0.0	0.0
652	3.0	4.0	10.0	7.0	7.0	1.0	1.0	733	český jazyk	4	167	1	1	1	1	-1	2	1	0.0	4.0
653	5.0	7.0	8.0	7.0	6.0	1.0	0.0	734	český jazyk	5	167	1	1	1	1	-1	2	1	1.0	0.0
654	6.0	3.0	13.0	12.0	4.0	0.0	1.0	735	občanská výchova	1	168	1	1	2	1	1	2	2	1.0	0.0
655	1.0	9.0	10.0	9.0	1.0	2.0	0.0	736	občanská výchova	2	168	1	1	2	1	1	2	2	1.0	0.0
656	2.0	7.0	14.0	4.0	2.0	2.0	1.0	737	občanská výchova	3	168	1	1	2	1	1	2	2	0.0	0.0
657	4.0	5.0	8.0	3.0	1.0	0.0	1.0	738	historie a křesťanská výchova	4	168	1	1	2	1	1	2	2	0.0	0.0
658	6.0	3.0	2.0	3.0	5.0	0.0	0.0	739	historie a křesťanská výchova	5	168	1	1	2	1	1	2	2	0.0	0.0
659	3.0	6.0	1.0	14.0	1.0	1.0	0.0	740	biologie	1	169	1	1	1	1	2	1	1	0.0	0.0
660	7.0	3.0	0.0	10.0	0.0	0.0	0.0	741	biologie	2	169	1	1	1	1	2	1	1	0.0	0.0
661	12.0	13.0	6.0	6.0	1.0	1.0	3.0	743	občanská výchova a výchova ke zdraví	4	169	1	1	1	1	2	1	1	0.0	0.0
662	0.0	13.0	2.0	0.0	0.0	0.0	0.0	747	občanská výchova	3	170	1	1	1	1	1	1	1	0.0	0.0
663	5.0	13.0	2.0	0.0	1.0	0.0	0.0	748	historie a křesťanská výchova	4	170	1	1	1	1	1	1	1	2.0	0.0
664	5.0	10.0	4.0	2.0	0.0	0.0	1.0	749	historie a křesťanská výchova	5	170	1	1	1	1	1	1	1	0.0	0.0
665	17.0	1.0	1.0	5.0	0.0	0.0	0.0	751	výtvarná výchova a vizuální tvorba	2	171	1	1	1	1	1	1	1	0.0	0.0
666	9.0	9.0	4.0	1.0	3.0	1.0	0.0	752	výtvarná výchova a vizuální tvorba	3	171	1	1	1	1	1	1	1	1.0	0.0
667	5.0	2.0	4.0	0.0	3.0	1.0	1.0	753	výtvarná výchova a vizuální tvorba	4	171	1	1	1	1	1	1	1	0.0	0.0
668	22.0	1.0	1.0	1.0	0.0	0.0	0.0	754	výtvarná výchova a vizuální tvorba	5	171	1	1	1	1	1	1	1	0.0	0.0
669	4.0	7.0	10.0	0.0	0.0	4.0	0.0	755	fyzika, chemie a technická výchova	1	172	1	1	1	1	1	1	1	1.0	0.0
670	0.0	15.0	3.0	0.0	0.0	1.0	0.0	756	fyzika, chemie a technická výchova	2	172	1	1	1	1	1	1	1	0.0	0.0
671	14.0	3.0	3.0	1.0	0.0	0.0	0.0	757	fyzika, chemie a technická výchova	3	172	1	1	1	1	1	1	1	0.0	1.0
672	4.0	1.0	3.0	1.0	0.0	0.0	0.0	758	anglický jazyk	1	173	1	1	1	1	-1	1	1	0.0	0.0
673	12.0	3.0	3.0	9.0	0.0	0.0	0.0	759	anglický jazyk	2	173	1	1	1	1	-1	1	1	1.0	0.0
674	10.0	10.0	8.0	1.0	1.0	0.0	0.0	760	anglický jazyk	3	173	1	1	1	1	-1	1	1	0.0	0.0
675	3.0	2.0	6.0	2.0	2.0	0.0	3.0	762	anglický jazyk	5	173	1	1	1	1	-1	1	1	0.0	0.0
676	4.0	7.0	12.0	17.0	1.0	1.0	1.0	763	biologie	1	174	1	1	1	1	2	1	2	0.0	0.0
677	7.0	3.0	0.0	10.0	0.0	0.0	0.0	764	biologie	2	174	1	1	1	1	2	1	2	0.0	0.0
678	1.0	4.0	5.0	4.0	1.0	3.0	0.0	765	biologie	3	174	1	1	1	1	2	1	2	0.0	0.0
679	11.0	13.0	0.0	3.0	3.0	0.0	0.0	767	občanská výchova a výchova ke zdraví	5	174	1	1	1	1	2	1	2	0.0	0.0
680	17.0	5.0	10.0	4.0	0.0	1.0	2.0	768	výtvarná výchova a vizuální tvorba	1	175	2	2	2	2	2	3	1	0.0	0.0
681	18.0	8.0	2.0	0.0	3.0	0.0	0.0	769	výtvarná výchova a vizuální tvorba	2	175	2	2	2	2	2	3	1	1.0	0.0
682	11.0	12.0	5.0	4.0	0.0	5.0	0.0	770	výtvarná výchova a vizuální tvorba	3	175	2	2	2	2	2	3	1	0.0	0.0
683	11.0	6.0	2.0	10.0	0.0	1.0	3.0	772	výtvarná výchova a vizuální tvorba	5	175	2	2	2	2	2	3	1	0.0	0.0
684	11.0	4.0	6.0	7.0	0.0	1.0	0.0	773	německý jazyk	1	176	1	1	1	1	-1	1	1	1.0	0.0
685	2.0	3.0	2.0	6.0	4.0	1.0	0.0	774	německý jazyk	2	176	1	1	1	1	-1	1	1	1.0	0.0
686	1.0	1.0	3.0	1.0	1.0	0.0	1.0	775	německý jazyk	3	176	1	1	1	1	-1	1	1	0.0	0.0
687	17.0	21.0	1.0	3.0	1.0	0.0	0.0	776	německý jazyk	4	176	1	1	1	1	-1	1	1	1.0	1.0
688	11.0	6.0	0.0	0.0	1.0	1.0	1.0	777	německý jazyk	5	176	1	1	1	1	-1	1	1	0.0	0.0
689	33.0	3.0	2.0	2.0	2.0	0.0	0.0	778	ruský a francouzský jazyk	1	177	1	1	1	1	-1	2	1	0.0	1.0
690	17.0	5.0	7.0	6.0	2.0	3.0	1.0	779	ruský a francouzský jazyk	2	177	1	1	1	1	-1	2	1	0.0	0.0
691	17.0	6.0	1.0	2.0	5.0	0.0	2.0	780	ruský a francouzský jazyk	3	177	1	1	1	1	-1	2	1	0.0	0.0
692	10.0	6.0	6.0	1.0	1.0	0.0	0.0	782	ruský a francouzský jazyk	5	177	1	1	1	1	-1	2	1	0.0	0.0
693	6.0	1.0	2.0	3.0	1.0	0.0	1.0	783	výtvarná výchova a vizuální tvorba	1	178	1	1	1	1	1	2	1	0.0	0.0
694	11.0	1.0	6.0	4.0	2.0	3.0	1.0	784	výtvarná výchova a vizuální tvorba	2	178	1	1	1	1	1	2	1	0.0	0.0
695	1.0	10.0	2.0	0.0	3.0	0.0	1.0	785	výtvarná výchova a vizuální tvorba	3	178	1	1	1	1	1	2	1	0.0	0.0
696	6.0	3.0	5.0	2.0	0.0	0.0	0.0	786	výtvarná výchova a vizuální tvorba	4	178	1	1	1	1	1	2	1	0.0	0.0
697	10.0	3.0	4.0	3.0	0.0	0.0	0.0	787	výtvarná výchova a vizuální tvorba	5	178	1	1	1	1	1	2	1	0.0	0.0
698	1.0	2.0	6.0	2.0	3.0	1.0	0.0	791	občanská výchova a výchova ke zdraví	4	179	1	1	2	1	1	3	2	0.0	0.0
699	6.0	6.0	5.0	3.0	0.0	0.0	2.0	792	občanská výchova a výchova ke zdraví	5	179	1	1	2	1	1	3	2	1.0	0.0
700	10.0	14.0	8.0	2.0	0.0	3.0	0.0	795	fyzika, chemie a technická výchova	1	181	1	3	1	1	2	2	1	0.0	0.0
701	10.0	9.0	3.0	1.0	1.0	1.0	2.0	796	fyzika, chemie a technická výchova	2	181	1	3	1	1	2	2	1	0.0	1.0
702	5.0	8.0	3.0	0.0	6.0	0.0	1.0	797	fyzika, chemie a technická výchova	3	181	1	3	1	1	2	2	1	0.0	3.0
703	13.0	11.0	2.0	0.0	1.0	0.0	0.0	798	fyzika, chemie a technická výchova	4	181	1	3	1	1	2	2	1	1.0	0.0
704	10.0	19.0	2.0	2.0	7.0	2.0	0.0	799	fyzika, chemie a technická výchova	5	181	1	3	1	1	2	2	1	1.0	0.0
705	4.0	5.0	18.0	7.0	2.0	1.0	0.0	800	německý jazyk	1	182	1	2	2	1	1	1	1	1.0	0.0
706	7.0	3.0	10.0	9.0	0.0	0.0	6.0	801	německý jazyk	3	182	1	2	2	1	1	1	1	1.0	0.0
707	4.0	3.0	11.0	5.0	2.0	1.0	3.0	803	německý jazyk	5	182	1	2	2	1	1	1	1	0.0	0.0
708	11.0	3.0	1.0	2.0	0.0	0.0	0.0	804	výtvarná výchova a vizuální tvorba	1	183	1	1	2	2	2	2	2	0.0	0.0
709	7.0	2.0	3.0	2.0	0.0	1.0	0.0	805	výtvarná výchova a vizuální tvorba	2	183	1	1	2	2	2	2	2	0.0	0.0
710	13.0	4.0	3.0	1.0	1.0	0.0	0.0	806	výtvarná výchova a vizuální tvorba	3	183	1	1	2	2	2	2	2	0.0	1.0
711	14.0	6.0	3.0	2.0	3.0	0.0	1.0	807	výtvarná výchova a vizuální tvorba	4	183	1	1	2	2	2	2	2	0.0	1.0
712	15.0	4.0	2.0	3.0	6.0	2.0	0.0	808	výtvarná výchova a vizuální tvorba	5	183	1	1	2	2	2	2	2	1.0	0.0
713	2.0	3.0	2.0	0.0	0.0	0.0	0.0	809	geografie	1	184	1	1	1	1	-1	1	1	0.0	0.0
714	2.0	1.0	1.0	2.0	1.0	0.0	0.0	810	geografie	2	184	1	1	1	1	-1	1	1	0.0	0.0
715	5.0	0.0	2.0	5.0	1.0	0.0	0.0	811	geografie	3	184	1	1	1	1	-1	1	1	1.0	0.0
716	6.0	3.0	5.0	1.0	0.0	0.0	0.0	812	občanská výchova a výchova ke zdraví	4	184	1	1	1	1	-1	1	1	0.0	0.0
717	8.0	2.0	3.0	5.0	0.0	0.0	0.0	813	občanská výchova a výchova ke zdraví	5	184	1	1	1	1	-1	1	1	2.0	0.0
718	1.0	6.0	13.0	2.0	1.0	1.0	1.0	814	biologie	1	185	1	1	1	1	1	1	2	0.0	0.0
719	5.0	6.0	4.0	5.0	2.0	1.0	0.0	815	biologie	2	185	1	1	1	1	1	1	2	0.0	0.0
720	10.0	4.0	2.0	5.0	1.0	2.0	3.0	816	biologie	3	185	1	1	1	1	1	1	2	0.0	0.0
721	4.0	7.0	6.0	3.0	2.0	1.0	0.0	819	speciální pedagogika	1	186	2	2	1	2	-1	2	1	0.0	0.0
722	3.0	4.0	13.0	2.0	0.0	0.0	1.0	820	speciální pedagogika	2	186	2	2	1	2	-1	2	1	0.0	0.0
723	4.0	5.0	6.0	2.0	1.0	0.0	0.0	821	speciální pedagogika	3	186	2	2	1	2	-1	2	1	0.0	0.0
724	12.0	2.0	2.0	5.0	0.0	0.0	0.0	823	speciální pedagogika a hudební výchova	5	186	2	2	1	2	-1	2	1	0.0	0.0
725	7.0	4.0	3.0	3.0	0.0	0.0	1.0	824	anglický jazyk	1	187	1	1	2	1	1	2	1	0.0	0.0
726	4.0	2.0	3.0	8.0	1.0	2.0	5.0	825	anglický jazyk	2	187	1	1	2	1	1	2	1	0.0	0.0
727	5.0	1.0	2.0	4.0	3.0	0.0	4.0	826	anglický jazyk	3	187	1	1	2	1	1	2	1	2.0	0.0
728	17.0	1.0	1.0	3.0	0.0	0.0	3.0	827	matematika	4	187	1	1	2	1	1	2	1	0.0	0.0
729	10.0	10.0	3.0	6.0	3.0	1.0	0.0	828	geografie	1	188	1	1	2	1	1	2	1	3.0	0.0
730	4.0	1.0	5.0	5.0	1.0	2.0	1.0	829	geografie	2	188	1	1	2	1	1	2	1	0.0	0.0
731	5.0	0.0	2.0	5.0	1.0	0.0	0.0	830	geografie	3	188	1	1	2	1	1	2	1	1.0	0.0
732	8.0	17.0	6.0	3.0	3.0	3.0	0.0	833	hudební výchova	1	189	1	1	1	1	1	2	1	1.0	0.0
733	22.0	22.0	8.0	8.0	4.0	9.0	1.0	834	hudební výchova	2	189	1	1	1	1	1	2	1	0.0	0.0
734	4.0	6.0	8.0	4.0	0.0	1.0	0.0	835	hudební výchova	3	189	1	1	1	1	1	2	1	0.0	1.0
735	5.0	10.0	4.0	7.0	2.0	0.0	0.0	836	speciální pedagogika a hudební výchova	4	189	1	1	1	1	1	2	1	0.0	0.0
736	3.0	5.0	5.0	7.0	1.0	4.0	0.0	837	speciální pedagogika a hudební výchova	5	189	1	1	1	1	1	2	1	0.0	0.0
737	17.0	0.0	5.0	1.0	1.0	0.0	0.0	838	výtvarná výchova a vizuální tvorba	1	190	1	1	2	2	3	2	1	0.0	0.0
738	15.0	0.0	0.0	7.0	0.0	0.0	1.0	839	výtvarná výchova a vizuální tvorba	2	190	1	1	2	2	3	2	1	0.0	0.0
739	16.0	5.0	2.0	2.0	0.0	0.0	0.0	840	výtvarná výchova a vizuální tvorba	3	190	1	1	2	2	3	2	1	0.0	0.0
740	7.0	3.0	5.0	4.0	2.0	0.0	3.0	841	výtvarná výchova a vizuální tvorba	4	190	1	1	2	2	3	2	1	0.0	0.0
741	4.0	3.0	11.0	1.0	0.0	0.0	1.0	842	výtvarná výchova a vizuální tvorba	5	190	1	1	2	2	3	2	1	1.0	1.0
742	11.0	3.0	0.0	0.0	0.0	0.0	2.0	843	německý jazyk	4	191	1	1	2	1	2	2	1	0.0	0.0
743	6.0	4.0	2.0	1.0	5.0	0.0	0.0	844	německý jazyk	5	191	1	1	2	1	2	2	1	0.0	0.0
744	10.0	4.0	2.0	5.0	1.0	1.0	1.0	845	ruský a francouzský jazyk	1	192	1	1	1	1	-1	1	1	0.0	1.0
745	13.0	2.0	3.0	6.0	0.0	0.0	0.0	846	ruský a francouzský jazyk	2	192	1	1	1	1	-1	1	1	1.0	0.0
746	4.0	13.0	6.0	0.0	1.0	0.0	1.0	847	ruský a francouzský jazyk	3	192	1	1	1	1	-1	1	1	3.0	1.0
747	12.0	6.0	2.0	1.0	0.0	2.0	0.0	848	český jazyk	4	192	1	1	1	1	-1	1	1	0.0	0.0
748	23.0	2.0	4.0	1.0	0.0	1.0	0.0	849	český jazyk	5	192	1	1	1	1	-1	1	1	0.0	0.0
749	12.0	14.0	7.0	2.0	0.0	3.0	1.0	850	výtvarná výchova a vizuální tvorba	1	193	1	1	1	1	1	2	2	0.0	1.0
750	10.0	11.0	0.0	2.0	2.0	0.0	1.0	851	výtvarná výchova a vizuální tvorba	2	193	1	1	1	1	1	2	2	0.0	0.0
751	4.0	10.0	6.0	7.0	3.0	0.0	0.0	852	výtvarná výchova a vizuální tvorba	3	193	1	1	1	1	1	2	2	0.0	0.0
752	11.0	4.0	1.0	5.0	1.0	0.0	1.0	853	český jazyk	4	193	1	1	1	1	1	2	2	0.0	2.0
753	4.0	8.0	6.0	3.0	2.0	0.0	1.0	854	český jazyk	5	193	1	1	1	1	1	2	2	2.0	0.0
754	25.0	15.0	12.0	7.0	4.0	1.0	0.0	855	fyzika, chemie a technická výchova	1	194	1	1	1	1	1	1	1	0.0	3.0
755	11.0	1.0	4.0	4.0	0.0	0.0	0.0	856	fyzika, chemie a technická výchova	2	194	1	1	1	1	1	1	1	0.0	0.0
756	3.0	9.0	12.0	5.0	3.0	0.0	0.0	857	fyzika, chemie a technická výchova	3	194	1	1	1	1	1	1	1	0.0	0.0
757	7.0	4.0	9.0	7.0	3.0	0.0	2.0	859	německý jazyk	1	195	1	1	1	1	2	3	3	0.0	1.0
758	17.0	12.0	12.0	18.0	2.0	4.0	0.0	860	německý jazyk	2	195	1	1	1	1	2	3	3	0.0	1.0
759	5.0	10.0	2.0	1.0	0.0	1.0	2.0	861	německý jazyk	3	195	1	1	1	1	2	3	3	2.0	0.0
760	4.0	4.0	7.0	6.0	2.0	1.0	1.0	862	německý jazyk	4	195	1	1	1	1	2	3	3	4.0	0.0
761	17.0	5.0	3.0	5.0	0.0	0.0	1.0	863	německý jazyk	5	195	1	1	1	1	2	3	3	0.0	2.0
762	16.0	2.0	1.0	1.0	0.0	1.0	2.0	864	výtvarná výchova a vizuální tvorba	1	196	1	1	1	1	1	1	1	0.0	0.0
763	12.0	2.0	8.0	4.0	0.0	0.0	3.0	865	výtvarná výchova a vizuální tvorba	2	196	1	1	1	1	1	1	1	0.0	0.0
764	24.0	0.0	3.0	3.0	3.0	1.0	2.0	866	výtvarná výchova a vizuální tvorba	3	196	1	1	1	1	1	1	1	0.0	0.0
765	9.0	2.0	7.0	3.0	0.0	1.0	0.0	867	výtvarná výchova a vizuální tvorba	4	196	1	1	1	1	1	1	1	0.0	0.0
766	7.0	13.0	5.0	10.0	0.0	5.0	0.0	868	výtvarná výchova a vizuální tvorba	5	196	1	1	1	1	1	1	1	0.0	0.0
767	12.0	6.0	5.0	6.0	2.0	0.0	1.0	869	historie a křesťanská výchova	1	197	1	1	1	1	1	1	1	0.0	0.0
768	13.0	17.0	3.0	2.0	3.0	1.0	0.0	870	historie a křesťanská výchova	2	197	1	1	1	1	1	1	1	1.0	0.0
769	9.0	18.0	4.0	0.0	2.0	0.0	0.0	871	historie a křesťanská výchova	3	197	1	1	1	1	1	1	1	0.0	0.0
770	32.0	13.0	7.0	5.0	0.0	3.0	0.0	872	německý jazyk	4	197	1	1	1	1	1	1	1	0.0	0.0
771	15.0	5.0	2.0	3.0	0.0	0.0	0.0	873	německý jazyk	5	197	1	1	1	1	1	1	1	0.0	0.0
772	3.0	6.0	4.0	10.0	0.0	1.0	1.0	874	český jazyk	1	198	1	1	1	1	1	2	2	1.0	0.0
773	0.0	7.0	3.0	6.0	0.0	0.0	2.0	875	český jazyk	2	198	1	1	1	1	1	2	2	0.0	0.0
774	8.0	3.0	6.0	7.0	0.0	0.0	1.0	876	český jazyk	3	198	1	1	1	1	1	2	2	0.0	1.0
775	2.0	8.0	9.0	0.0	0.0	0.0	0.0	877	německý jazyk	4	198	1	1	1	1	1	2	2	0.0	0.0
776	4.0	6.0	8.0	2.0	1.0	0.0	0.0	878	německý jazyk	5	198	1	1	1	1	1	2	2	0.0	0.0
777	4.0	6.0	5.0	3.0	1.0	0.0	1.0	879	fyzika, chemie a technická výchova	1	199	1	1	2	2	2	2	2	0.0	0.0
778	4.0	5.0	2.0	1.0	1.0	0.0	0.0	880	fyzika, chemie a technická výchova	2	199	1	1	2	2	2	2	2	0.0	1.0
779	0.0	4.0	5.0	4.0	3.0	1.0	0.0	881	fyzika, chemie a technická výchova	3	199	1	1	2	2	2	2	2	0.0	1.0
780	6.0	7.0	3.0	2.0	1.0	0.0	0.0	882	občanská výchova a výchova ke zdraví	4	199	1	1	2	2	2	2	2	0.0	1.0
781	4.0	6.0	6.0	3.0	1.0	1.0	0.0	883	občanská výchova a výchova ke zdraví	5	199	1	1	2	2	2	2	2	1.0	0.0
782	6.0	4.0	7.0	4.0	1.0	1.0	0.0	884	hudební výchova	1	200	1	2	1	1	1	1	1	1.0	1.0
783	13.0	5.0	15.0	3.0	1.0	0.0	1.0	885	hudební výchova	2	200	1	2	1	1	1	1	1	0.0	0.0
784	14.0	3.0	5.0	0.0	0.0	2.0	0.0	886	hudební výchova	3	200	1	2	1	1	1	1	1	0.0	0.0
785	10.0	0.0	0.0	0.0	0.0	0.0	0.0	887	odborné předměty	1	201	2	3	4	3	4	3	3	0.0	0.0
786	10.0	4.0	0.0	1.0	0.0	0.0	0.0	888	odborné předměty	2	201	2	3	4	3	4	3	3	0.0	0.0
787	4.0	2.0	1.0	0.0	0.0	0.0	0.0	889	odborné předměty	3	201	2	3	4	3	4	3	3	0.0	0.0
788	22.0	11.0	5.0	2.0	0.0	1.0	0.0	891	výtvarná výchova a vizuální tvorba	2	202	1	1	1	1	1	1	1	0.0	1.0
789	12.0	8.0	3.0	4.0	3.0	0.0	0.0	892	výtvarná výchova a vizuální tvorba	3	202	1	1	1	1	1	1	1	0.0	1.0
790	38.0	1.0	3.0	9.0	2.0	0.0	7.0	893	hudební výchova	1	203	1	1	2	2	2	2	2	0.0	1.0
791	37.0	1.0	7.0	5.0	2.0	1.0	1.0	894	hudební výchova	2	203	1	1	2	2	2	2	2	0.0	0.0
792	34.0	18.0	10.0	15.0	1.0	2.0	3.0	895	hudební výchova	3	203	1	1	2	2	2	2	2	1.0	0.0
793	19.0	5.0	5.0	10.0	1.0	0.0	3.0	896	speciální pedagogika a hudební výchova	4	203	1	1	2	2	2	2	2	1.0	1.0
794	24.0	15.0	6.0	9.0	5.0	0.0	8.0	897	speciální pedagogika a hudební výchova	5	203	1	1	2	2	2	2	2	1.0	2.0
795	13.0	11.0	3.0	3.0	2.0	1.0	0.0	899	hudební výchova	2	204	1	1	1	1	1	1	1	0.0	0.0
796	8.0	20.0	3.0	3.0	1.0	1.0	1.0	900	hudební výchova	3	204	1	1	1	1	1	1	1	0.0	0.0
797	10.0	12.0	3.0	0.0	1.0	0.0	0.0	901	speciální pedagogika a hudební výchova	4	204	1	1	1	1	1	1	1	0.0	1.0
798	13.0	13.0	3.0	8.0	6.0	0.0	0.0	902	speciální pedagogika a hudební výchova	5	204	1	1	1	1	1	1	1	0.0	1.0
799	7.0	2.0	5.0	2.0	0.0	1.0	0.0	903	německý jazyk	1	205	1	1	1	1	-1	1	1	1.0	0.0
800	5.0	4.0	4.0	2.0	0.0	0.0	0.0	904	německý jazyk	2	205	1	1	1	1	-1	1	1	0.0	0.0
801	1.0	0.0	1.0	0.0	0.0	0.0	0.0	905	německý jazyk	3	205	1	1	1	1	-1	1	1	0.0	0.0
802	3.0	2.0	3.0	2.0	0.0	0.0	2.0	906	zeměpis	4	205	1	1	1	1	-1	1	1	0.0	0.0
803	4.0	2.0	5.0	8.0	0.0	0.0	0.0	907	zeměpis	5	205	1	1	1	1	-1	1	1	0.0	0.0
804	46.0	15.0	7.0	7.0	1.0	4.0	1.0	908	hudební výchova	1	206	1	1	1	1	-1	2	1	0.0	1.0
805	11.0	14.0	8.0	3.0	0.0	1.0	1.0	909	hudební výchova	2	206	1	1	1	1	-1	2	1	0.0	0.0
806	30.0	51.0	18.0	1.0	2.0	2.0	3.0	910	hudební výchova	3	206	1	1	1	1	-1	2	1	1.0	2.0
807	90.0	22.0	11.0	5.0	0.0	1.0	0.0	911	historie a křesťanská výchova	4	206	1	1	1	1	-1	2	1	0.0	0.0
808	9.0	48.0	8.0	3.0	1.0	1.0	0.0	912	historie a křesťanská výchova	5	206	1	1	1	1	-1	2	1	0.0	0.0
809	14.0	24.0	8.0	0.0	1.0	0.0	0.0	913	fyzika, chemie a technická výchova	1	207	1	1	1	1	1	1	1	0.0	0.0
810	13.0	12.0	6.0	7.0	3.0	2.0	1.0	914	fyzika, chemie a technická výchova	2	207	1	1	1	1	1	1	1	1.0	0.0
811	5.0	11.0	4.0	3.0	3.0	3.0	0.0	915	fyzika, chemie a technická výchova	3	207	1	1	1	1	1	1	1	0.0	3.0
812	15.0	4.0	3.0	1.0	0.0	2.0	0.0	916	fyzika, chemie a technická výchova	4	207	1	1	1	1	1	1	1	0.0	0.0
813	10.0	19.0	9.0	0.0	0.0	1.0	1.0	917	fyzika, chemie a technická výchova	5	207	1	1	1	1	1	1	1	1.0	0.0
814	13.0	4.0	1.0	7.0	0.0	0.0	0.0	920	matematika	3	208	1	1	1	1	-1	1	1	2.0	0.0
815	9.0	6.0	3.0	6.0	1.0	0.0	0.0	922	fyzika, chemie a technická výchova	5	208	1	1	1	1	-1	1	1	0.0	1.0
816	12.0	25.0	2.0	1.0	2.0	6.0	0.0	924	občanská výchova a výchova ke zdraví	2	209	1	1	1	3	3	3	3	0.0	2.0
817	10.0	15.0	2.0	0.0	3.0	0.0	0.0	925	občanská výchova a výchova ke zdraví	3	209	1	1	1	3	3	3	3	0.0	0.0
818	14.0	9.0	3.0	0.0	1.0	0.0	0.0	926	fyzika, chemie a technická výchova	4	209	1	1	1	3	3	3	3	1.0	0.0
819	14.0	17.0	4.0	4.0	2.0	1.0	0.0	927	fyzika, chemie a technická výchova	5	209	1	1	1	3	3	3	3	0.0	0.0
820	5.0	1.0	2.0	8.0	0.0	0.0	1.0	929	anglický jazyk	2	210	1	1	2	1	1	1	3	2.0	0.0
821	6.0	3.0	2.0	8.0	0.0	0.0	3.0	930	anglický jazyk	3	210	1	1	2	1	1	1	3	3.0	1.0
822	12.0	3.0	3.0	2.0	0.0	0.0	2.0	931	anglický jazyk	4	210	1	1	2	1	1	1	3	1.0	0.0
823	27.0	0.0	3.0	3.0	1.0	1.0	1.0	933	geografie	1	211	2	2	1	2	1	2	2	0.0	0.0
824	11.0	1.0	6.0	5.0	1.0	0.0	0.0	934	geografie	2	211	2	2	1	2	1	2	2	0.0	0.0
825	3.0	4.0	6.0	1.0	3.0	1.0	4.0	935	geografie	3	211	2	2	1	2	1	2	2	0.0	0.0
826	8.0	8.0	3.0	5.0	3.0	2.0	1.0	937	anglický jazyk	5	211	2	2	1	2	1	2	2	2.0	0.0
827	14.0	3.0	4.0	5.0	1.0	0.0	0.0	938	odborné předměty	1	212	1	1	1	1	2	1	1	0.0	0.0
828	5.0	10.0	2.0	1.0	5.0	0.0	0.0	939	odborné předměty	2	212	1	1	1	1	2	1	1	2.0	0.0
829	14.0	7.0	0.0	3.0	0.0	0.0	2.0	940	odborné předměty	3	212	1	1	1	1	2	1	1	0.0	0.0
830	8.0	9.0	1.0	2.0	2.0	0.0	0.0	942	odborné předměty	5	212	1	1	1	1	2	1	1	3.0	0.0
831	3.0	10.0	0.0	2.0	1.0	1.0	0.0	943	biologie	1	213	1	2	2	2	3	3	3	2.0	1.0
832	1.0	3.0	5.0	2.0	1.0	1.0	0.0	944	biologie	2	213	1	2	2	2	3	3	3	0.0	0.0
833	4.0	7.0	2.0	0.0	2.0	0.0	0.0	945	biologie	3	213	1	2	2	2	3	3	3	0.0	0.0
834	14.0	7.0	3.0	1.0	1.0	0.0	0.0	946	občanská výchova a výchova ke zdraví	4	213	1	2	2	2	3	3	3	2.0	0.0
835	5.0	11.0	0.0	0.0	2.0	1.0	0.0	947	občanská výchova a výchova ke zdraví	5	213	1	2	2	2	3	3	3	0.0	0.0
836	14.0	3.0	2.0	4.0	3.0	1.0	0.0	948	občanská výchova	1	214	1	1	1	1	3	1	1	0.0	0.0
837	3.0	7.0	2.0	8.0	0.0	0.0	0.0	949	občanská výchova	2	214	1	1	1	1	3	1	1	0.0	0.0
838	9.0	20.0	7.0	9.0	2.0	3.0	1.0	950	občanská výchova	3	214	1	1	1	1	3	1	1	0.0	1.0
839	2.0	5.0	2.0	0.0	0.0	0.0	0.0	951	občanská výchova a výchova ke zdraví	4	214	1	1	1	1	3	1	1	0.0	0.0
840	1.0	1.0	1.0	1.0	1.0	0.0	0.0	952	občanská výchova a výchova ke zdraví	5	214	1	1	1	1	3	1	1	1.0	0.0
841	22.0	14.0	1.0	1.0	0.0	1.0	1.0	953	občanská výchova	1	215	1	1	1	1	1	1	1	1.0	1.0
842	15.0	7.0	11.0	24.0	2.0	1.0	1.0	954	občanská výchova	2	215	1	1	1	1	1	1	1	0.0	0.0
843	1.0	18.0	8.0	6.0	0.0	0.0	2.0	955	zeměpis	4	215	1	1	1	1	1	1	1	0.0	0.0
844	16.0	9.0	1.0	1.0	1.0	2.0	2.0	956	zeměpis	5	215	1	1	1	1	1	1	1	0.0	0.0
845	12.0	5.0	7.0	2.0	2.0	1.0	0.0	957	speciální pedagogika	1	216	1	1	2	1	2	1	1	0.0	0.0
846	13.0	7.0	7.0	5.0	0.0	0.0	2.0	958	speciální pedagogika	2	216	1	1	2	1	2	1	1	0.0	0.0
847	3.0	15.0	1.0	6.0	0.0	0.0	0.0	961	biologie	3	217	1	1	2	1	1	1	1	0.0	0.0
848	5.0	17.0	3.0	1.0	1.0	4.0	0.0	963	občanská výchova a výchova ke zdraví	5	217	1	1	2	1	1	1	1	0.0	0.0
849	10.0	12.0	1.0	2.0	1.0	1.0	0.0	964	hudební výchova	1	218	1	1	1	1	-1	1	1	1.0	0.0
850	12.0	8.0	3.0	0.0	1.0	0.0	3.0	965	hudební výchova	2	218	1	1	1	1	-1	1	1	3.0	0.0
851	10.0	3.0	2.0	2.0	1.0	1.0	0.0	966	hudební výchova	3	218	1	1	1	1	-1	1	1	0.0	0.0
852	22.0	10.0	4.0	4.0	1.0	0.0	0.0	967	speciální pedagogika a hudební výchova	4	218	1	1	1	1	-1	1	1	0.0	0.0
853	9.0	12.0	1.0	0.0	4.0	0.0	1.0	968	speciální pedagogika a hudební výchova	5	218	1	1	1	1	-1	1	1	0.0	0.0
854	2.0	19.0	10.0	3.0	0.0	3.0	0.0	969	občanská výchova	3	219	1	1	2	1	3	2	1	0.0	1.0
855	3.0	14.0	7.0	1.0	0.0	0.0	0.0	971	občanská výchova a výchova ke zdraví	5	219	1	1	2	1	3	2	1	0.0	0.0
856	7.0	4.0	5.0	2.0	1.0	0.0	0.0	972	geografie	1	220	1	1	1	1	1	2	2	0.0	0.0
857	5.0	6.0	4.0	3.0	2.0	0.0	0.0	973	geografie	2	220	1	1	1	1	1	2	2	0.0	0.0
858	4.0	8.0	5.0	2.0	1.0	1.0	0.0	974	geografie	3	220	1	1	1	1	1	2	2	0.0	1.0
859	3.0	6.0	6.0	2.0	0.0	0.0	0.0	975	zeměpis	4	220	1	1	1	1	1	2	2	0.0	0.0
860	3.0	6.0	7.0	5.0	0.0	0.0	0.0	976	zeměpis	5	220	1	1	1	1	1	2	2	0.0	0.0
861	6.0	3.0	3.0	2.0	0.0	0.0	0.0	977	fyzika, chemie a technická výchova	1	221	1	1	1	1	1	2	1	0.0	0.0
862	1.0	5.0	3.0	2.0	0.0	0.0	1.0	978	fyzika, chemie a technická výchova	2	221	1	1	1	1	1	2	1	0.0	1.0
863	2.0	12.0	6.0	1.0	0.0	0.0	0.0	979	fyzika, chemie a technická výchova	3	221	1	1	1	1	1	2	1	0.0	0.0
864	4.0	8.0	1.0	2.0	0.0	0.0	0.0	981	fyzika, chemie a technická výchova	5	221	1	1	1	1	1	2	1	0.0	1.0
865	1.0	0.0	1.0	0.0	0.0	0.0	1.0	982	odborné předměty	1	222	1	1	1	1	1	1	1	1.0	0.0
866	22.0	4.0	4.0	9.0	6.0	1.0	1.0	983	občanská výchova a výchova ke zdraví	1	223	1	1	1	1	1	1	1	1.0	0.0
867	3.0	7.0	12.0	4.0	0.0	1.0	0.0	984	občanská výchova a výchova ke zdraví	2	223	1	1	1	1	1	1	1	0.0	0.0
868	6.0	8.0	4.0	3.0	1.0	1.0	0.0	985	občanská výchova a výchova ke zdraví	3	223	1	1	1	1	1	1	1	0.0	0.0
869	6.0	10.0	7.0	4.0	1.0	0.0	3.0	986	německý jazyk	4	223	1	1	1	1	1	1	1	2.0	0.0
870	5.0	12.0	4.0	0.0	4.0	1.0	0.0	987	německý jazyk	5	223	1	1	1	1	1	1	1	0.0	1.0
871	9.0	7.0	3.0	1.0	0.0	2.0	0.0	988	fyzika, chemie a technická výchova	1	224	1	1	3	2	1	1	1	0.0	0.0
872	8.0	14.0	2.0	1.0	2.0	1.0	0.0	989	fyzika, chemie a technická výchova	2	224	1	1	3	2	1	1	1	1.0	0.0
873	7.0	7.0	1.0	0.0	0.0	0.0	0.0	990	fyzika, chemie a technická výchova	3	224	1	1	3	2	1	1	1	1.0	0.0
874	4.0	10.0	2.0	0.0	2.0	1.0	0.0	992	fyzika, chemie a technická výchova	5	224	1	1	3	2	1	1	1	0.0	0.0
875	6.0	8.0	9.0	5.0	0.0	1.0	0.0	993	výtvarná výchova a vizuální tvorba	1	225	1	1	1	1	1	1	1	0.0	0.0
876	11.0	6.0	8.0	0.0	1.0	1.0	0.0	994	výtvarná výchova a vizuální tvorba	2	225	1	1	1	1	1	1	1	0.0	0.0
877	2.0	5.0	5.0	6.0	2.0	4.0	1.0	995	výtvarná výchova a vizuální tvorba	3	225	1	1	1	1	1	1	1	0.0	0.0
878	20.0	14.0	8.0	4.0	0.0	2.0	1.0	996	výtvarná výchova a vizuální tvorba	4	225	1	1	1	1	1	1	1	0.0	0.0
879	20.0	19.0	8.0	8.0	2.0	0.0	2.0	997	výtvarná výchova a vizuální tvorba	5	225	1	1	1	1	1	1	1	0.0	0.0
880	18.0	4.0	7.0	3.0	2.0	1.0	1.0	998	speciální pedagogika	1	226	1	1	1	1	1	1	1	0.0	0.0
881	6.0	4.0	2.0	3.0	1.0	2.0	0.0	999	speciální pedagogika	2	226	1	1	1	1	1	1	1	0.0	0.0
882	4.0	9.0	4.0	0.0	2.0	1.0	0.0	1000	speciální pedagogika	3	226	1	1	1	1	1	1	1	0.0	0.0
883	16.0	3.0	2.0	2.0	0.0	1.0	0.0	1001	speciální pedagogika a hudební výchova	4	226	1	1	1	1	1	1	1	0.0	0.0
884	12.0	11.0	1.0	1.0	0.0	0.0	0.0	1002	speciální pedagogika a hudební výchova	5	226	1	1	1	1	1	1	1	0.0	0.0
885	3.0	1.0	1.0	2.0	1.0	0.0	0.0	1003	odborné předměty	1	227	1	1	1	1	1	1	1	1.0	0.0
886	3.0	1.0	1.0	2.0	1.0	0.0	0.0	1004	odborné předměty	2	227	1	1	1	1	1	1	1	1.0	0.0
887	3.0	1.0	1.0	2.0	1.0	0.0	0.0	1005	odborné předměty	3	227	1	1	1	1	1	1	1	1.0	0.0
888	3.0	8.0	6.0	1.0	0.0	0.0	0.0	1006	odborné předměty	4	227	1	1	1	1	1	1	1	0.0	0.0
889	8.0	2.0	0.0	1.0	0.0	0.0	0.0	1007	odborné předměty	5	227	1	1	1	1	1	1	1	0.0	0.0
890	1.0	2.0	4.0	4.0	2.0	0.0	8.0	1008	odborné předměty	1	228	1	1	2	2	1	2	1	0.0	2.0
891	5.0	6.0	4.0	6.0	2.0	0.0	0.0	1009	odborné předměty	2	228	1	1	2	2	1	2	1	0.0	0.0
892	6.0	7.0	9.0	2.0	2.0	0.0	0.0	1010	odborné předměty	3	228	1	1	2	2	1	2	1	0.0	1.0
893	1.0	8.0	3.0	4.0	0.0	0.0	0.0	1011	odborné předměty	4	228	1	1	2	2	1	2	1	0.0	0.0
894	2.0	4.0	4.0	6.0	1.0	2.0	0.0	1012	odborné předměty	5	228	1	1	2	2	1	2	1	0.0	0.0
895	6.0	8.0	10.0	2.0	0.0	0.0	0.0	1013	odborné předměty	1	229	1	1	1	3	1	2	3	1.0	0.0
896	1.0	1.0	6.0	4.0	0.0	0.0	3.0	1014	odborné předměty	2	229	1	1	1	3	1	2	3	0.0	0.0
897	10.0	6.0	2.0	7.0	0.0	0.0	2.0	1015	odborné předměty	3	229	1	1	1	3	1	2	3	0.0	0.0
898	14.0	0.0	0.0	4.0	1.0	0.0	2.0	1016	odborné předměty	4	229	1	1	1	3	1	2	3	0.0	0.0
899	12.0	1.0	0.0	13.0	0.0	1.0	1.0	1017	odborné předměty	5	229	1	1	1	3	1	2	3	0.0	2.0
900	8.0	2.0	1.0	5.0	0.0	1.0	1.0	1018	geografie	1	230	1	1	1	1	-1	2	2	1.0	0.0
901	5.0	2.0	1.0	11.0	2.0	0.0	1.0	1019	geografie	2	230	1	1	1	1	-1	2	2	0.0	0.0
902	3.0	12.0	8.0	9.0	3.0	3.0	1.0	1020	geografie	3	230	1	1	1	1	-1	2	2	0.0	0.0
903	6.0	2.0	1.0	7.0	1.0	0.0	1.0	1022	zeměpis	5	230	1	1	1	1	-1	2	2	0.0	0.0
904	28.0	10.0	8.0	3.0	2.0	2.0	0.0	1024	výtvarná výchova a vizuální tvorba	2	231	1	2	2	1	1	1	1	1.0	0.0
905	11.0	7.0	4.0	5.0	1.0	0.0	2.0	1025	výtvarná výchova a vizuální tvorba	3	231	1	2	2	1	1	1	1	0.0	0.0
906	6.0	7.0	5.0	2.0	2.0	0.0	0.0	1026	výtvarná výchova a vizuální tvorba	4	231	1	2	2	1	1	1	1	3.0	0.0
907	16.0	7.0	0.0	6.0	2.0	3.0	4.0	1027	výtvarná výchova a vizuální tvorba	5	231	1	2	2	1	1	1	1	1.0	2.0
908	2.0	10.0	13.0	0.0	0.0	1.0	0.0	1028	odborné předměty	1	232	6	6	6	6	6	6	6	0.0	1.0
909	19.0	13.0	5.0	2.0	0.0	1.0	4.0	1029	odborné předměty	2	232	6	6	6	6	6	6	6	0.0	1.0
910	9.0	20.0	5.0	1.0	0.0	0.0	0.0	1030	odborné předměty	3	232	6	6	6	6	6	6	6	1.0	0.0
911	2.0	9.0	6.0	0.0	0.0	0.0	0.0	1031	odborné předměty	4	232	6	6	6	6	6	6	6	0.0	1.0
912	7.0	5.0	8.0	1.0	0.0	0.0	3.0	1032	odborné předměty	5	232	6	6	6	6	6	6	6	0.0	0.0
913	17.0	1.0	2.0	5.0	2.0	0.0	1.0	1033	výtvarná výchova a vizuální tvorba	1	233	1	1	1	1	-1	1	1	0.0	2.0
914	11.0	1.0	4.0	1.0	1.0	0.0	2.0	1034	výtvarná výchova a vizuální tvorba	2	233	1	1	1	1	-1	1	1	0.0	1.0
915	3.0	4.0	1.0	4.0	7.0	0.0	0.0	1035	výtvarná výchova a vizuální tvorba	3	233	1	1	1	1	-1	1	1	0.0	0.0
916	2.0	4.0	7.0	3.0	2.0	1.0	0.0	1036	výtvarná výchova a vizuální tvorba	4	233	1	1	1	1	-1	1	1	0.0	0.0
917	8.0	6.0	4.0	3.0	1.0	2.0	0.0	1037	výtvarná výchova a vizuální tvorba	5	233	1	1	1	1	-1	1	1	0.0	0.0
918	13.0	14.0	0.0	1.0	3.0	1.0	0.0	1040	výtvarná výchova a vizuální tvorba	3	234	1	3	2	1	2	1	2	1.0	0.0
919	14.0	1.0	6.0	1.0	0.0	0.0	0.0	1042	odborné předměty	2	235	1	1	2	2	1	1	2	0.0	0.0
920	5.0	13.0	3.0	1.0	0.0	1.0	0.0	1043	odborné předměty	3	235	1	1	2	2	1	1	2	0.0	0.0
921	5.0	6.0	4.0	3.0	0.0	1.0	0.0	1045	odborné předměty	5	235	1	1	2	2	1	1	2	1.0	1.0
922	10.0	7.0	11.0	2.0	2.0	0.0	1.0	1046	výtvarná výchova a vizuální tvorba	1	236	1	1	1	1	1	2	1	1.0	0.0
923	14.0	4.0	8.0	3.0	0.0	0.0	0.0	1047	výtvarná výchova a vizuální tvorba	2	236	1	1	1	1	1	2	1	0.0	0.0
924	3.0	4.0	11.0	3.0	0.0	0.0	0.0	1048	výtvarná výchova a vizuální tvorba	3	236	1	1	1	1	1	2	1	2.0	0.0
925	6.0	11.0	11.0	7.0	0.0	1.0	0.0	1049	výtvarná výchova a vizuální tvorba	4	236	1	1	1	1	1	2	1	0.0	0.0
926	6.0	9.0	11.0	5.0	0.0	0.0	4.0	1050	výtvarná výchova a vizuální tvorba	5	236	1	1	1	1	1	2	1	1.0	0.0
927	5.0	13.0	7.0	13.0	7.0	0.0	0.0	1051	český jazyk	1	237	1	1	1	1	-1	1	1	0.0	0.0
928	6.0	24.0	6.0	7.0	4.0	1.0	0.0	1052	český jazyk	2	237	1	1	1	1	-1	1	1	0.0	1.0
929	3.0	13.0	15.0	4.0	4.0	1.0	0.0	1053	český jazyk	3	237	1	1	1	1	-1	1	1	0.0	0.0
930	7.0	0.0	9.0	5.0	2.0	1.0	1.0	1054	výtvarná výchova a vizuální tvorba	4	237	1	1	1	1	-1	1	1	0.0	1.0
931	11.0	16.0	10.0	2.0	2.0	0.0	1.0	1055	výtvarná výchova a vizuální tvorba	5	237	1	1	1	1	-1	1	1	1.0	0.0
932	9.0	0.0	2.0	2.0	0.0	0.0	2.0	1056	odborné předměty	1	238	1	1	1	2	1	1	1	2.0	1.0
933	10.0	7.0	5.0	4.0	2.0	2.0	1.0	1057	odborné předměty	2	238	1	1	1	2	1	1	1	1.0	0.0
934	12.0	3.0	4.0	6.0	2.0	0.0	2.0	1058	odborné předměty	3	238	1	1	1	2	1	1	1	1.0	0.0
935	8.0	6.0	4.0	1.0	3.0	1.0	1.0	1059	odborné předměty	4	238	1	1	1	2	1	1	1	1.0	0.0
936	9.0	7.0	6.0	7.0	2.0	0.0	0.0	1060	odborné předměty	5	238	1	1	1	2	1	1	1	0.0	0.0
937	29.0	13.0	6.0	5.0	1.0	0.0	0.0	1062	výtvarná výchova a vizuální tvorba	2	239	1	1	1	1	1	1	2	0.0	0.0
938	18.0	12.0	6.0	5.0	7.0	3.0	1.0	1063	výtvarná výchova a vizuální tvorba	3	239	1	1	1	1	1	1	2	0.0	0.0
939	5.0	3.0	15.0	4.0	3.0	0.0	1.0	1064	výtvarná výchova a vizuální tvorba	5	239	1	1	1	1	1	1	2	0.0	1.0
940	5.0	0.0	1.0	2.0	1.0	0.0	3.0	1065	výtvarná výchova a vizuální tvorba	1	240	1	1	1	1	1	1	1	0.0	0.0
941	14.0	1.0	3.0	10.0	2.0	0.0	2.0	1066	výtvarná výchova a vizuální tvorba	2	240	1	1	1	1	1	1	1	0.0	0.0
942	16.0	0.0	1.0	4.0	0.0	0.0	0.0	1067	výtvarná výchova a vizuální tvorba	3	240	1	1	1	1	1	1	1	0.0	0.0
943	12.0	4.0	4.0	1.0	0.0	0.0	0.0	1068	výtvarná výchova a vizuální tvorba	4	240	1	1	1	1	1	1	1	0.0	0.0
944	5.0	3.0	5.0	1.0	2.0	0.0	0.0	1069	výtvarná výchova a vizuální tvorba	5	240	1	1	1	1	1	1	1	0.0	0.0
945	34.0	4.0	6.0	17.0	2.0	0.0	4.0	1070	anglický jazyk	1	241	1	1	2	1	1	2	1	0.0	0.0
946	14.0	8.0	7.0	11.0	2.0	2.0	1.0	1071	anglický jazyk	2	241	1	1	2	1	1	2	1	1.0	0.0
947	28.0	7.0	9.0	7.0	2.0	0.0	5.0	1072	anglický jazyk	3	241	1	1	2	1	1	2	1	0.0	0.0
948	13.0	4.0	11.0	11.0	6.0	3.0	0.0	1073	anglický jazyk	4	241	1	1	2	1	1	2	1	1.0	1.0
949	9.0	11.0	11.0	6.0	6.0	0.0	6.0	1074	anglický jazyk	5	241	1	1	2	1	1	2	1	2.0	2.0
